"id","category_id","parent_id","title","slug","description","content","lesson_type","difficulty_level","required_level","estimated_duration","points_reward","media_url","thumbnail_url","tags","related_value_keywords","related_emotion_keywords","is_premium","is_published","view_count","like_count","sort_order","created_at","updated_at","published_at","deleted_at","sort_id"
"1","2",,"Сэдэв 1: Бодол хэрхэн үүсдэг вэ?	","i1-lesson-1-how-thoughts-form","Тархины механизм - бодол биологийн түвшинд хэрхэн үүсдэг талаар","## **Бодол хэрхэн үүсдэг вэ?**

Таны толгойд яг одоо ямар бодол өрнөж байна?

Магадгүй ""Би энэ номыг уншаад юу олох вэ?"" эсвэл ""Өнөөдөр надад маш их ажил байна"" гэх мэт зүйл байж магадгүй. Эдгээр бодлууд хаанаас ирдэг вэ? Та тэднийг зориуд үүсгэсэн үү? Яагаад зарим бодол зогсолтгүй эргэлдэж, зарим нь аяндаа алга болдог вэ?

Энэ бүлэгт бид бодлын гайхамшигт механикийг судалж, түүний автомат урсгал болон бодол ба бодит байдлын хоорондын нарийн ялгааг ойлгох болно.

---

### **Тархины кино театр**

Бидний тархи бол дэлхий дээрх хамгийн нарийн төвөгтэй цахилгаан станц юм. Тэнд ойролцоогоор 86 тэрбум нейрон буюу мэдрэлийн эсүүд байдаг. Эдгээр нейронууд бие биетэйгээ холбогдож, тасралтгүй харилцах нь бодол болж хувирдаг.

### **🧬 Нейронуудын харилцан яриа**

Бодол бүр нь нейронуудын хоорондох цахилхаан болон химийн харилцааны цогцолбор юм. Нэг нейрон нөгөө рүүгээ мэдээлэл дамжуулах үед тэдгээрийн уулзварт нейротрансмиттер гэх химийн бодисууд ялгарч, дохиог дамжуулдаг.

Жишээлбэл: Та ""Би өнөөдөр өөртөө итгэлтэй байна"" гэж бодоход, тархины тодорхой хэсэгт сая сая нейронууд нэгэн зэрэг ""идэвхжиж"", тодорхой хэв маягийн цахилгаан дамжуулалт үүсгэдэг. Энэхүү цахилгаан дамжуулалтын өвөрмөц хэв маяг нь таны бодлын ""дижитал код"" юм.

### **🤖 Тархины автомат жолооч**

Та ямар нэг зүйлд төвлөрөөгүй, чөлөөтэй байх үед тархины Default Mode Network (DMN) буюу ""сул горимын сүлжээ"" идэвхждэг. Энэ систем таны мэдэлгүйгээр:

* Өнгөрсөн үйл явдлуудыг дурсах  
* Ирээдүйн төсөөллийг бий болгох  
* Өөрийгөө бусдаар харьцуулах  
* Нийгмийн харилцааг шинжлэх

Сонирхолтой баримт: Хүн өдөрт дунджаар 60,000-80,000 бодол боддог бөгөөд тэдгээрийн 80-90% нь өчигдрийнхтэй яг адилхан, давтагддаг бодлууд байдаг (NSF, 2005). Энэ нь тархи бидний анзаардаггүйгээр олон бодлыг автоматаар давтах гэсэн үг юм.

### **🎭 Бодол хаанаас өдөөгддөг вэ?**

Гадаад өдөөгч: Та сэтгэл санааны номын нүүр зургийг харахад ""Энэ ном унших нь зүйтэй болов уу?"" гэсэн бодол автоматаар үүснэ.

Дотоод өдөөгч: Ядаргаа мэдрэмж таны биед тогтох үед тархи ""Амраах хэрэгтэй"" гэсэн дохиог бодол болгон хувиргана.

Сэтгэл хөдлөлийн өдөөгч: Ганцаардал мэдрэмж төрөхөд ""Намайг хэн ч анзаардаггүй"" гэх бодол гарч ирнэ.

### **⚠️ Яагаад зарим бодлыг зогсоож болдоггүй вэ?**

Тархины амигдала буюу айдсын төв идэвхжих үед бидний бодол зогсолтгүй үргэлжилдэг. Энэ бол тархины таныг амьд үлдээх гэсэн эртний хамгаалалтын механизм юм.

Бодит аюул: ""Энэ арслан намайг идэх үү?"" → Зориулалт: Амьд үлдэх

Орчин үеийн аюул: ""Энэ хүн намайг шүүмжилж байна уу?"" → Үр дүн: Шаардлагагүй түгшүүр

Хамгийн гол нь: Тархи аюул гэж үзсэн бүх зүйлийг ижил хүчтэйгээр шинжилдэг. Иймээс оффисын уулзалт, нийгмийн түүх, санхүүгийн асуудал зэрэг нь биологийн аюултай адилхан хариу үйлдэл үзүүлдэг.

---

## ","article","beginner","1","5","10","","https://pub-3b6a730f24f7467b99a9585933b1c815.r2.dev/lessons/thumbnail_20260111_022035_8e38abc0.jpg","[]","[]","[]","false","true","0","0","0","2026-01-08 10:33:19.915614","2026-01-11 02:20:40.051721","0001-01-01 00:00:00",,"2001"
"2","2",,"Сэдэв 2: Автомат бодлын урсгал","i1-lesson-2-automatic-thought-stream","Таны оюун ухаан яагаад зогсолтгүй бодол үүсгэдэг вэ","## **Автомат бодлын урсгал**

Яагаад миний толгой чөлөөлөгдөхгүй байна вэ?

### **🌀 Тархины сул горим**

Дараах нөхцөлд DMN автоматаар идэвхждэг:

* Ажилдаа төвлөрөхөө больсон үед  
* Унтахын өмнө оройн цагт  
* Хэсэг амрах үед гэх мэт

Энэ үед тархи дараах ""ажлуудыг"" автоматаар гүйцэтгэдэг:

1. Өнгөрсөн алдаануудыг дахин шинжилж, ""Ингэхээс зайлсхийх байсан"" гэж бодох  
2. Ирээдүйн болзошгүй асуудлуудыг урьдчилан таамаглах  
3. Бусдын талаарх бодлуудыг таах, ялангуяа өөртөө сөргөөр бодож байгаа гэж үзэх

### **🧬 Биологийн уг гарвал**

Тархины гол зорилго нь чамайг аз жаргалтай болгох биш, харин амьд үлдээх юм. Тийм учраас энэ нь тасралтгүй:

* ""Би юу алдсан бэ?""  
* ""Ямар аюул ирэх вэ?""  
* ""Би хангалттай сайн уу?"" гэж асуудаг.

Эволюцийн өнцгөөс: Энэ автомат бодлын систем нь манай өвөг дээдэст ""Хоол хайх газар хаана байна?"", ""Аюултай амьтад хаана нуугдаж байна?"" гэх асуултуудад хариулах боломжийг олгож байсан. Өнөөдөр бидний ""аюул"" нь бодит бус илүү нарийн төвөгтэй болж ирсэн.

### **🛤️ Оюуны төмөр зам**

Тархи нь маш их энерги зарцуулдаг органы тул ажлын ачааллыг багасгахын тулд тодорхой ""бодлын төмөр зам"" үүсгэдэг. Хэрэв та олон жилийн турш:

* ""Би хангалттай сайн биш""  
* ""Би амжилтгүй хүн""  
* ""Намайг хүн дураарахгүй"" гэж давтан бодсон бол

...тархи эдгээр замаар бодолгоо автоматаар урсгаж сурсан. Энэ нь яг л ойн зам шиг \- та түүгээр олон удаа явсанаар зам улам тодорч, явбал зохих ""цорын ганц"" замаа болдог.

---

### **Бодит дадлага: Бодлыг ажиглах урлаг**

### **🔍 Анхаарал төвлөрүүлэх дасгал (5-7 минут)**

1. Тайван суу: Нүдээ аниад 3 удаа гүн амьсгалаарай  
2. Анзаарах:   Толгойд ямар бодол төрж байгааг ""гаднаас нь"" ажигла  
3. Тэмдэглэх: ""Энэ бол зүгээр л бодол"" гэж дотроо хэл  
4. Буцаах:         Анхаарлаа амьсгал руугаа буцааж, бодол дахин гарвал 2-3 алхмуудыг давт

Санамж: Бодлыг зогсоох гэж оролдсонгүй. Зүгээр л кино үзэж байгаа ажиглагч шиг ажигла.

### **📝 Бодлын сэрүүн тэмдэглэл (Өдөр тутмын дадлага)**

Өдөрт 1 удаа дараах асуултуудад хариулна уу:

1. Өнөөдөр миний толгойд хамгийн их давтагдсан бодол юу байсан бэ?  
2. Энэ бодол надад ямар сэтгэл хөдлөл төрүүлсэн бэ? (түгшүүр, уур, гуниг гэх мэт)  
3. Энэ бодол үнэхээр баримт мөн үү, эсвэл зөвхөн миний тархины таамаглал уу?  
   ---

## 
","theory_article","beginner","1","5","10","","https://pub-3b6a730f24f7467b99a9585933b1c815.r2.dev/lessons/thumbnail_20260109_125106_658fc4c4.jpg","[]","[]","[]","false","true","0","0","0","2026-01-08 10:33:19.915614","2026-01-09 12:51:08.557988","0001-01-01 00:00:00",,"2002"
"3","2",,"Сэдэв 3: Бодол ба бодит байдал","i1-lesson-3-thought-vs-reality","Бодол үнэн биш, харин тархины бүтээл юм","## **Бодол ба бодит байдал**

Тархины бүтээсэн хиймэл ертөнц

### **🌌 Тархи бол харанхуй орчин дахь уран бүтээлч**

Таны тархи гавлын ясны харанхай хөндий дотор байрладаг. Тэнд ямар ч дуу чимээ, гэрэл, үнэр байхгүй. Тархи зөвхөн мэдрэлийн эсүүдээр дамжиж ирж буй цахилгаан дохиог л хүлээн авдаг.

Бодит байдал: 0 ба 1-ийн дараалал (дижитал код)  
Тархины үүрэг: Эдгээр кодыг өнгөт ертөнц, дуу чимээ, сэтгэл хөдлөл болгон ""түүх"" бичих

Бодит жишээ: Хүний нүд секундэд 10-15 удаа дүрсийг шинэчилдэг. Гэхдээ тархи эдгээр дүрсийг тасралтгүй кино болгон эвлүүлж, бидэнд ""тасралтгүй бодит байдал"" мэт санагдуулдаг.

### **🎭 Бодол бол үргэлж үнэн биш**

Тархи нь бодит байдлыг шууд хардаггүй, харин өөрийн урьдчилсан таамаглалаар дамжуулан хардаг. Үүнийг Predictive Processing (Урьдчилан боловсруулалт) гэж нэрлэдэг.

Таны тархи эдгээр дутууг автоматаар бүрэн болгож хардаг. Энэ нь:

1. Тархи өмнө нь харж, мэддэг зүйлсээсээ таамаглал хийж байгаа  
2. Цөөн мэдээллээр бүрэн дүр зургийг бүтээж байгаа  
3. Бодит байдлыг өөрчлөн харуулж байгаа

### **🧠 Бодлын шүүлтүүр**

Бидний тархи өөрийнхөө итгэл, найдвар, айдас, хүлээлтээр шүүгдсэн бодит байдлыг хардаг.

""Би амжилтгүй"" гэсэн шүүлтүүртэй хүний хувьд:

* Амжилтаа үл тоомсорлож, алдааг онцолно  
* Өдөр бүр тохиолддог 100 жижиг амжилтыг анзаардаггүй  
* Нэг алдааг олж, ""Харж байна уу, би үргэлж ингэдэг"" гэж бодлыг баталгаажуулна

💡 Гол ойлголт: ""Би ингэж бодож байна"" ≠ ""Энэ үнэн"". Бодол бол бодит байдлын толь биш, харин тархины тайлбар юм.

---

## **Жишээ түүх: Сараагийн өөрчлөлт**

*Сара 28 настай, график дизайнер. Тэр өдөр бүр ажлаасаа ядарч гэртээ харихад, толгой нь ""Би хангалттай сайн уу?"", ""Миний бүтээл чинь хангалттай сэтгэл хөдлөл төрүүлж байна уу?"" гэсэн бодлоор дүүрдэг байв.*

Түүний автомат урсгал:  
""Өнөөдрийн дизайн маань бага зэрэг энгийн байсан"" → ""Үйлчлүүлэгч таалагдахгүй байх"" → ""Тэд намайг өөр хүнгээр солих байх"" → ""Би ажлаасаа халагдах болно"" → ""Миний зээл, түрээс яах вэ?""

1 сар дасгал хийсний дараа:  
Сараа эдгээр бодлуудыг ""зүгээр л бодол"" гэж танихдаа илүү чадварлаг болсон. Тэр анзаарсан:

* Бодлууд ихэнхдээ ядаргаа, өлсгөлөнтэй холбоотой байдаг  
* Бодол бүр бодит байдал биш, тэр зөвхөн болзошгүй аюулд бэлдэх тархины оролдлого юм  
* Бодлууд өөрөө ирж, явдаг \- тэр зөвхөл тэднийг ажиглах хэрэгтэй

1 жилийн дараа:  
Сара ажил дээрээ илүү тайван, бүтээлч хандлагатай болсон. Түүний ажил  дээр гарч буй шинэ төслүүд илүү бүтээлч дүрслэл, ухаалаг шийдлүүдтэй болж эхлэв.

""Би бодлоо өөрчилсөн гэж бодохгүй. Би зүгээр л бодлоосоо арай хол байж сурсан"" гэж тэр хэлсэн.

---

## **Бодлоо ажиж сураарай**

Дараах асуултуудыг өөртөө асууж, дэвтэртээ бичээрэй:

1. Миний бодлын 80% нь үнэхээр давтагддаг уу? Тэдгээр нь юу вэ?  
2. Миний тархи намайг юунаас ""хамгаалж"" байна вэ? Энэ хамгаалалт одоо хэрэгтэй юу?  
3. Би бодлоо бодит байдал гэж андуурч байгаа тохиолдол хэзээ вэ?  
4. Миний бодлуудын аль нь ""би"" биш, харин зүгээр л тархины автомат урсгал вэ?  
   ---","theory_article","beginner","1","5","15","","https://pub-3b6a730f24f7467b99a9585933b1c815.r2.dev/lessons/thumbnail_20260109_002217_6e2213dc.jpg","[]","[]","[]","false","true","0","0","0","2026-01-08 10:33:19.915614","2026-01-09 00:22:18.95923","0001-01-01 00:00:00",,"2003"
"4","3",,"Сэдэв 4: Эго гэж юу вэ🎭","lesson-1-ego-gej-yuu-ve","Эго нь амьд үлдэхийн тулд хэрэгтэй механизм","# **Эго \- Таны Доторх Театр**

## **Та хэн бэ?**

Өглөө босоход та хэн бэ? Ажил дээрээ та хэн бэ? Найзуудынхаа дунд та хэн бэ? Гэртээ та хэн бэ?

Хэрэв эдгээр асуултанд өөр өөр хариулт гарч байвал баярлаарай \- таны эго хэвийн ажиллаж байна. Учир нь эго бол нэг дүр биш, харин таны доторх бүтэн театр юм.

---

## **🏛 Театрын Бүтэц**

Эго-гийн театр нь цаг хугацаа, нийгмийн хүлээлтэд тулгуурладаг. Үүнд дөрвөн үндсэн бүрэлдэхүүн хэсэг орно:

### **🎭 Тайз (Одоо үе)**

Энэ бол таны яг одоо гаргаж буй дүр юм.

Жишээ нь та ажлын уулзалтанд өөрийгөө мэргэжлийн хүн шиг харуулж байгаа нь тайзны дэлгэцэн дээрх дүр юм. Энэ бол бусад хүмүүст харагдаж байгаа таны ""Би"" юм.

### **Архив (Өнгөрсөн үе)**

Архив нь таны өмнө нь тоглосон бүх дүрүүдийн түүх, дурсамж юм.

Жишээ нь ""Би сургуульд шалгалтанд унаж байсан"", ""Би анхны хайртаа ингэж хандсан"" гэх мэт түүхүүд энд хадгалагддаг. Энэ архив таны одоогийн дүрийг бүтээхэд нөлөөлдөг.

### **Зохиол (Ирээдүй үе)**

Зохиол нь таны ирээдүйд тоглохоор төлөвлөж буй шинэ дүрүүд юм.

Жишээ нь ""Би 35 насандаа амжилттай бизнесмэн болно"", ""Би гэр бүлтэй болсноор сайн аав/ээж болно"" гэх төсөөлөл. Энэ бол таны хүсэж буй ирээдүйн дүр юм.

### **Үзэгчид (Нийгэм)**

Үзэгчид бол таны дүрийг харж, үнэлж, шүүж байгаа гадаад ертөнц юм.

Таны гэр бүл, найз нөхөд, ажилтнууд, нийгмийн сүлжээний холбоо \- бүгд энэ үзэгчдийн бүлэгт багтана. Тэдний үнэлэлт, хариу үйлдэл нь таны дүрийг хэрхэн гаргахад нөлөөлдөг.

---

## **🎪 Театрын Гол Дүрүүд**

Фрейдийн онолын дагуу энэ театрын ард 3 гол ""жүжигчин"" байнга харилцдаг:

### **1\.  ХҮҮХЭД (Id \- Хүсэл)**

**Байрлал:** Тайзны ард нуугдаж байрлана  
**Хэрэглүүр:** ""Би яг одоо ийм зүйл хүсэж байна\!""  
**Үүрэг:** Шууд хэрэгцээ, хүслийг илэрхийлэх

**Жишээ:**

* ""Би ядарлаа, амрамаар байна""  
* ""Энэ бялууг идэхийг хүсэж байна""  
* ""Энэ хүн надад таалагдаж байна""

### **2\. 👴 ЭЦЭГ (Superego \- Ёс зүй)**

**Байрлал:** Тайзны дээгүүр харж, хянадаг  
**Хэрэглүүр:** ""Энэ нь зөв үү? Хүмүүс юу гэж бодох вэ?""  
**Үүрэг:** Нийгмийн дүрэм, ёс суртахууныг сахиулах

**Жишээ:**

* ""Биеийн тамирын хичээлээс зайлсхийх нь буруу""  
* ""Ингэж хэлэх нь зохисгүй""  
* ""Та хариуцлагатай хүн байх ёстой""

### **3\. 🎭 ДҮР (Ego \- Удирдагч)**

**Байрлал:** Бүх театрыг удирддаг  
**Үүрэг:** Хүүхдийн хүслийг эцэгийн дүрэмтэй зохицуулж, тайзан дээр ямар дүр гаргахаа шийддэг

**Жишээ:** ""Би ядарсан ч, энэ ажлыг дуусгах хэрэгтэй"" гэж шийдвэрлэх

---

## **💬 Энэ хэрхэн ажилладаг вэ?**

**Өдөр тутмын нөхцөл байдал:** Өглөөний есөн цаг, хүйтэн өдөр. Та ажилдаа явах ёстой.

**👶 Хүүхэд:** ""Дотор үлдээд унтмаар байна\!""  
**👴 Эцэг:** ""Ажилдаа ирээгүй хүнийг хүн хэрхэн үнэлэх вэ?""  
 **🎭 Дүр:** ""Хэрэв би өнөөдөр чөлөө авах юм бол маргааш илүү их ажилтай тулгарна. Тэгэхээр дулаан хувцалж, ажилдаа явъя.""

---

##  **Юу ойлгох хэрэгтэй вэ?**

 **Дүр солигддог** \- Өөр өөр нөхцөлд өөр өөр дүр гаргадаг  
 **Бүгд ийм байдаг** \- Энэ театр бүх хүнд байдаг  
 **Амьдрал бол сонголт** \- Таны гаргаж буй дүр бүр нь дотоод яриа, зөрчил дээр тулгуурласан сонголт юм

---","theory_article","beginner","1","5","10","","https://pub-3b6a730f24f7467b99a9585933b1c815.r2.dev/lessons/thumbnail_20260109_004208_d9b8f2dd.jpg","[]","[]","[]","false","true","0","0","0","2026-01-08 10:33:20.105301","2026-01-09 00:57:47.970263","0001-01-01 00:00:00",,"3004"
"5","3",,"Сэдэв 5: Эго – Хамгаалагч шинж","lesson-2-ego-hamgaalagch-shinj","Эгогийн хамгаалалтын үйл ажиллагаа","## **🌟 Эгогийн Театрын Сайн Талууд**

Эго-гийн театр нь биднийг хуурамч болгодог гэж бодож болох ч, үнэндээ энэ нь хүний амьдралын чухал механизм юм.

### **Сэтгэл санааны аюулгүй байдал**

Эго нь таны гүн гүнзгий хүсэл, эмзэг сэтгэлийг шууд илрүүлэхээс хамгаалдаг.

**Жишээ түүх:**

*Сарнай өглөө босоход толгой нь өвдөж, ажил руугаа явахыг хүсэхгүй байв. Гэвч дарга нь түүнийг өнөөдөр чухал танилцуулга хийхээр хүлээж байгааг мэдэж байсан.*

**👶 Хүүхэд:** ""Би өвдөж байна, би унтмаар байна\!""  
**👴 Эцэг:** ""Чи хүмүүсийн итгэлийг алдаж болохгүй, хариуцлагатай бай\!""  
**🎭 Дүр:** ""Би өнөөдөр ажилдаа очих болно. Гэхдээ маргааш эмчид очно.""

**Үр дүн:** Сарнай танилцуулгаа амжилттай хийж, даргынхаа итгэлийг авсан. Өөрийн хүслийг бүрэн дагасан бол тэр гэртээ үлдэж, ажлынхаа байр суурийг гэмтээх байсан.

---

### **Суралцах ба өсөх**

Архив (өнгөрсөн) болон Зохиол (ирээдүй) хоёрын харилцан үйлчлэл нь хүний хөгжлийн үндэс болдог.

**Жишээ түүх:**

*Болд 10 жилийн өмнө анхны бизнесээ эрхэлж байхдаа бүтэлгүйтсэн. Түүний ""Архив"" театр дотор энэ дурсамж хадгалагдсан.*

**Өнгөрсөн дүр (Архив):** ""Би бүтэлгүйтсэн бизнесмэн""  
**Одоогийн шийдвэр (Дүр):** ""Би одоо туршлагатай. Тэр алдаануудаа давтахгүй.""  
**Ирээдүйн дүр (Зохиол):** ""Би амжилттай бизнес эрхлэх болно""

**Үр дүн:** Болд дахин өөрийн хоёр дахь компанийг байгуулж, өмнөх алдаануудаас сурсан ухаанаа ашигласан. Эго нь түүнийг өнгөрсөнөөсөө сурч, ирээдүйдээ итгэлтэй байхад тусалсан.

---

### **Тэнцвэртэй шийдвэр**

Дүр (Эго) нь хүсэл (Id) болон ёс зүй (Superego) хоёрын тэнцвэрийг хангадаг.

**Жишээ түүх:**

*Оюунаа найзынхаа төрсөн өдрийн үдэшлэгт уригдсан. Гэвч маргааш чухал шалгалт байгааг мэдэж байв. Тиймээс тэр шалгалтаан өглөө эрт бэлдэж эхэлхээр шийдэв.*

**👶 Хүүхэд:** ""Би найзуудтайгаа зугаалмаар байна\!""  
**👴 Эцэг:** ""Чи суралцах ёстой, шалгалт чухал\!""  
**🎭 Дүр:** ""Би найзуудтайгаа орой нь зугаалаад гарч, өглөө шалгалтандаа бэлдэнэ.""

Үр дүн: Оюунаа найзтайгаа цагийг өнгөрүүлж, гэхдээ шалгалтандаа бэлтгэх цагаа ч гаргасан. Эго нь түүнд шийдлийг олоход тусалсан.

---

### **4\.  Зорилгод хүрэх**

Ирээдүйд тоглохыг хүсдэг дүрүүд (Зохиол) нь биднийг хөгжих, шинэ зүйл турших уриалга болдог.

**Жишээ түүх:**

*Бямба 25 настай, маркетингийн ажилтан. Тэр ""Амжилттай бизнесмэн"" дүрийг өөрийн Зохиолд бичсэн.*

**Ирээдүйн дүр (Зохиол):** ""Би 30 насандаа өөрийн компанитай болно""  
**Одоогийн үйлдэл (Дүр):** Бямба орой нь бизнесийн ном унших, амралтын өдрүүдээр онлайн хичээл үзэх болсон  
**Үр дүн:** 3 жилийн дараа Бямба өөрийн хувийн компанийг байгуулсан

Ирээдүйн дүр нь түүнийг өдөр тутам өөрчлөгдөхөд уриалсан. Энэ бол Эгогийн хамгийн их хүч юм.

---

### **Зохицох чадвар**

Нөхцөл байдалд тааруулан дүрүүдийг хурдтай солих чадвар.

**Жинхэнэ жишээ \- Сараагийн өдөр:**

**09:00 \- Ажлын уулзалт:** Мэргэжлийн, шийдвэртэй дүр  
**12:00 \- Ээжтэйгээ утсаар ярих:** Халамжтай, сонсдог охины дүр  
**18:00 \- Найзуудтайгаа уулзах:** Хөгжилтөй, чөлөөтэй дүр  
**21:00 \- Гэртээ ганцаараа:** Жинхэнэ, бодолтой өөрийнхөө дүр

Нарантуяа эдгээр дүрүүдийг ямар ч зөрчилгүй сольж чадаж байна. Энэ бол эрүүл эгогийн шинж тэмдэг юм.

## **3 минутын дасгал**

Өнөөдөр та хэдэн дүр гаргасан бэ?

1. Өглөө босоход та хэн байсан бэ?  
2. Ажил/сургууль дээр та ямар дүр гаргасан бэ?  
3. Найз, гэр бүлийн хүмүүстэй байхдаа та өөр болсон уу?

Өөртөө асуу:

* Эдгээр дүрүүд хооронд ямар нийтлэг зүйл байна вэ?  
* Аль дүр нь илүү жинхэнэ мэт санагддаг вэ?  
* Та аль дүрт хэтэрхий хөшиж үлдсэн үү?  
  ---
","theory_article","beginner","1","5","10","","https://pub-3b6a730f24f7467b99a9585933b1c815.r2.dev/lessons/thumbnail_20260109_010426_93749cf8.jpg","[]","[]","[]","false","true","0","0","0","2026-01-08 10:33:20.105301","2026-01-09 01:04:28.372853","0001-01-01 00:00:00",,"3005"
"6","3",,"Сэдэв 6: Эго – Хуурамч шинж чанар ","lesson-3-ego-huuramch-shinj-chanar-","Айдас эгогоос хэрхэн үүсдэг вэ","## **Эгогийн театрын ""Доголдолтой Талууд""**

Эго театр нь бидэнд тусалдаг ч, зарим үед энэ нь саад эсвэл бүр зарим үед өвчин ч болж хувирдаг.

### **🧱 Хөшингө байдал \- ""Би өөрчлөгдөхгүй""**

Юу болдог вэ?  
Өөрийн бүтцийг зөв гэж бодож, өөрчлөлт, сайжрал, шинэ мэдрэмжээс зайлсхийх.

Доторх яриа:

* ""Би ийм хүн""  
* ""Би үргэлж ингэж ирсэн""  
* ""Миний дүр төрхөд нийцэхгүй байна""

**Жишээ түүх:**

*Сараа 6 жил ганц бие явсан. Одоо 25 хүрч байгаа ба гэр бүл зохиох цаг болсон гэдгийг өөрөө ч мэддэг. Гэвч түүний доторх “Ганц бие” ийн дүр хэвээрээ байхыг хүсэж байгаа.*

**Хөшингө эгогийн хариу:**  
“Би бэлэг биш байна.”, ""Би ганцаараа байхдаа аз жаргалтай байдаг""

**Үр дүн:**  *Сараа* өшөө 5 жил ганцаараа явсан ба эцэст нь хэн нэгэн гадны хүн орж ирж түүний “Ганц бие” дүрийг өөрчилнө өө гэж найддаг болсон.

**Шийдэл нь юу байсан бэ?**  
Хэрэв *Сараа* ""Би бол энэ дүр биш, харин дүр бүтээгч"" гэдгийг ойлговол шинэ дүр бүтээж, “Ганц бие” дүрээсээ салж чадах байсан боловч ойлгоогүйгийн улмаас гадны хүчин нөлөө хэрэг болсон.

---

### **🎪 Хоорондоо хэт өөр \- Зохицохгүй байдал**

**Юу болдог вэ?**  
Та өөр өөр орчинд хэтэрхий өөр хүн болж, дотоод зөрчил үүсдэг.

**Доторх мэдрэмж:**

* ""Би хэн бэ гэдгээ мэдэхгүй байна""  
* ""Ажил дээрх би гэртээх бидээс огт өөр""  
* ""Би бүх газар хуурамч санагддаг""

**Жишээ түүх:**

*Сарааг найзуудтайгаа байхдаа байхдаа хөгжилтэй, ухаалаг нэгэн байдаг. Ажил дээрээ өөрийгөө бусдаас хамааралгүй амьдарч чадах хүчирхэг эмэгтэй гэдгээ ч харуулж “Надад эрэгтэй хүн хэрэггүй” гэж ч хэлдэг. Гэсэн хэдий ч зарим нэг шөнө дотроо нууцхан шаналж, чимээгүйхэн хүлээдэг.* 

**Үр дүн:** Сараа өөрийн дүрийг ойлгохоо байж өөрийгөөдотроо хуурамч амьтанаар мэдэрч эхэлнэ. Мөн тэдгээр дүрүүд тайзыг хуваалцаж алалцаж эхэлнэ. Энэ дүрүүд хэдэн жил ч өнгөрсөн хамаагүй энэ маягаараа тэмцэлдсээр байвал хэн нь ч яалдаггүй. 

**Шийдэл:**  
Өөрийн дүрүүдийг үнэ зүйл дээрээ суурилж үүсгэх шаардлагатай. Эрх чөлөө, гэр бүл 2р тусдаа өөр өөр бүлэг болохоос аль аль нь нэг нэгнийгээ хааж боодог байж болохгүй юм. Харин цугт нь цогцлоож авч явах билэг билгүүн ухааныг үүсгэх ёстой.

---

### **💔 Дүр устах \- ""Би бол миний ажил/нэр/амжилт""**

**Юу болдог вэ?**  
Амьдралын уналтад өөрийн дүрийг бүх зүйл гэж үзэж, тэр дүр алдагдахад бүхэл бүтэн би алдагдсан мэт санагдах.

**Доторх яриа:**

* ""Би бол өөрийн ажил""  
* ""Миний дүр бол миний амьдрал""  
* ""Энэ дүргүйгээр би юу ч биш""

**Жишээ түүх:**

*Санаа 20 жил хөлбөмбөгийн тоглогч байсан. Түүний бүх амьдрал ""Би бол тоглогч"" гэсэн дүрийг тойрон эргэлдэж байв. 35 настайдаа гэмтсэний улмаас тоглохоо больсон.*

**Үр дүн:** Санаа гүн хямралд орж, түүний дүр хоосрох буюу устсанаар өөрийгөө хэн ч биш гэж мэдэрч эхэлдэг.  Амиа хорлох талаар ч бодож байсан. 

**Шийдэл байсан уу?**  
Хэрэв Санаа ""Би бол тоглогч биш, харин тоглогч байж  чадах нэгэн” гэж хүлээж авсан бол өөрийн хуучин дүр ээ устахыг зөвшөөрч өөрт сонирхолтой ахин нэг дүрээ зохиох боломжой байсан.

---

## **✨ Эгогийн тэнцвэрийг олох нь**

Янз бүрийн дүрүүдтэй, гэхдээ тэд үнэт зүйлсээрээ ижил байх.  
Өөрчлөгдөх боломжтой, бүр устахаа ч хүлээн зөвшөөрдөг байх.  
Нөхцөл байдалд тохирч солигддог , нэг нэгнээ хязгаарлахаас илүү одоо энэ нь дээр гэсэн үзэл баримтлалтай  байх.

🎭 **Санамж:** Та бол дүр биш, харин дүр бүтээгч юм. Театр нь таны хэрэгсэл, засаж сайжруулахын тулд цаг гаргаж байгаарай. Өөрийгөө таниж мэдэх, бүтээх нь энэ насны үйл болохоос өнөө маргаашийн дотор дуусах зүйл биш билээ. 

---","theory_article","intermediate","1","5","15","","https://pub-3b6a730f24f7467b99a9585933b1c815.r2.dev/lessons/thumbnail_20260109_011445_8ff7dfb9.jpg","[]","[]","[]","false","true","0","0","0","2026-01-08 10:33:20.105301","2026-01-09 01:14:46.223958","0001-01-01 00:00:00",,"3006"
"7","4",,"Сэдэв 7: Би бодол биш","i3-lesson-1-i-am-not-thoughts","Жинхэнэ ""Би"" ба бодлыг ялгах","Би бодол биш (Барилга доторх ""Ажиглагч"")
Бид өөрсдийгөө ""Би ийм зүйл бодож байна, тиймээс энэ бол би"" гэж андуурдаг. Гэвч үнэндээ бодол бол таны барилгын цонхоор орж ирээд, нөгөө цонхоор гараад явдаг ""салхи"" юм. Салхи барилгыг нэвт гарч болох ч, тэр хэзээ ч барилга өөрөө болдоггүйтэй адил бодол таны ухамсрыг нэвт гарч байгаа ч тэр та биш юм.

🎭 Бодол бол ""Зочин"" Өдөрт таны толгойд мянга мянган бодол орж ирдэг. Хэрэв та өөрийгөө бодол гэж итгэвэл бодол бүрийг ""үнэн"" гэж хүлээж авна. Ууртай бодол төрөхөд ""Би ууртай хүн"", айдастай бодол төрөхөд ""Би аймхай хүн"" гэж өөрийгөө тодорхойлж эхэлнэ. Энэ нь Эго-гоо нэг хэвэнд цутгаж, боомилж буй хэрэг юм.

Үнэн: Та бол тэр бодлуудыг ажиглаж байгаа, тэднийг төрөхийг ч, устахыг ч харж чадаж байгаа тэрхүү ""Ажиглагч"" юм. Ажиглаж буй зүйл нь ажиглагдаж буй зүйлээсээ үргэлж тусдаа байдаг.

🧱 Хувьсах чанарыг зөвшөөрөх нь Эго-г ""буруу"" болгодог гол шалтгаан нь нэг бодлоо ""Би"" гээд бариад авчихдагт байгаа юм. Жишээ нь, ""Би бол бүтэлгүй хүн"" гэсэн бодол орж ирэхэд түүнийг барилгынхаа хананд тоосго болгоод өрчихвөл та тэр хананаас цааш харж чадахаа болино.

Шийдэл: ""Миний дотор 'Би бүтэлгүй' гэсэн бодол төрж байна"" гэж хэлж сурах. Ингэж хэлэхэд та бодлоосоо тусгаарлагдаж, түүнийг хувьсан өөрчлөгдөх боломжтой зүйл гэдгийг хүлээн зөвшөөрч байгаа юм. Бодол бол тогтмол зүйл биш, харин инерциэр орж ирээд гарч буй энерги юм.

🌿 Ажиглагчийн эрх чөлөө Барилгын жишээгээр бол, та нэг өрөөндөө бүх насаараа түгжигдэх албагүй. Та зочны өрөөнөөс гараад гал тогоо руу, эсвэл бүр барилгынхаа дээвэр дээр гарч болно. Бүр хүсвэл барилгаас цаадахруу ч хүрж болно.

Та өөрийнхөө бодлыг ажиглах тусам Эго-гийн ""буруу"" буюу хөшингө шинж чанар алга болдог. Учир нь та бодлыг өөртэйгөө наахаа больж, тэднийг зүгээр л урсгаж сурна. Ингэснээр Эго тань уян хатан болж, нөхцөл байдалд тааруулан хувьсах чадвартай ""эрүүл"" бүтэц болон шинэчлэгддэг.

✨ Та бол бодол биш. Та бол бодлыг төрж буйг хардаг ""Орон зай"" юм. Та бол барилга биш, харин барилгын аль өрөөнд байхаа шийдэж чадах ""Эзэн"" юм. Хэзээ нэгэн цагт таны Эго-гийн барилга нурсан ч (жишээ нь, ажлаа алдах, нэр төрөө алдах), тэр барилгыг бариулсан ""Эзэн"" буюу таны жинхэнэ мөн чанар хэзээ ч нурдаггүй.","theory_article","intermediate","1","5","10","","https://pub-3b6a730f24f7467b99a9585933b1c815.r2.dev/lessons/thumbnail_20260109_012003_5e988078.jpg","[]","[]","[]","false","true","0","0","0","2026-01-08 10:33:20.327847","2026-01-09 01:20:04.626168","0001-01-01 00:00:00",,"4007"
"8","4",,"Сэдэв 8: Бодолын ашигладаг заль мэх","hicheel-5-bodolyn-ashigladag-zal-meh","Бодол өөртөө анхаарлыг татахын тулд юу ашигладаг вэ?
","Бодол бол маш зальтай ""маркетолог"" юм. Тэр таны анхаарал гэдэг хязгаарлагдмал нөөцийг худалдаж авахын тулд хамгийн сонирхолтой, заримдаа хамгийн аймшигтай аргуудыг ашигладаг. Хэрэв та эдгээр заль мэхийг мэдэхгүй бол бодолдоо үргэлж ""хууртаж"", түүний дагуулсан сэтгэл хөдлөлд живэх болно.
Бодол таны анхаарлыг татахын тулд хэзээ ч ""Зүгээр л нэг бодол байна"" гэж ирдэггүй. Тэр өөрийгөө хамгийн чухал, яаралтай, эсвэл үнэн мэтээр харагдуулдаг. Энд бодлын ашигладаг хамгийн түгээмэл 3 заль мэхийг тайлбарлая:

🚨 ""Яаралтай тусламж""-ийн заль (Urgency) Бодол таны анхаарлыг авахын тулд ""Үүнийг яг одоо л бодохгүй бол болохгүй!"", ""Энэ маш аюултай байна!"" гэсэн дохио өгдөг. Энэ нь ихэвчлэн ""Хэрвээ... бол яах вэ?"" гэсэн асуултаар эхэлдэг.

Урхи: Тэр таныг ирээдүйн болоогүй аюулд бэлдэж байна гэсэн нэрээр ""Одоо"" цагаас хулгайлдаг. Таныг тайван байлгахгүйн тулд айдсын гормоныг ашиглан анхаарлыг чинь өөр дээрээ гинжилж орхидог.

📣 ""Давталт""-ын заль (The Loop) Бодол өөрийгөө үнэн гэж итгүүлэхийн тулд нэг зүйлийг маш олон удаа давтан хэлдэг. Хэрэв та нэг зүйлийг 100 удаа бодвол таны тархи түүнийг ""бодит байдал"" гэж андуурч эхэлнэ.

Урхи: Яг л нэг дуу толгойд гацаад гардаггүй шиг, нэг таагүй дурсамж эсвэл өөрийгөө шүүмжилсэн бодол тойрог хэлбэрээр эргэлдэнэ. Та түүнийг зогсоох гэж оролдох тусам тэр улам хүчтэй болж, таны анхаарлыг өөртөө сордог.

🎭 ""Би""-тэй уусгах заль (Personalization) Бодлын хамгийн аюултай заль бол ""Би"" гэдэг үгийг ашиглах явдал юм. ""Би бүтэлгүй хүн"", ""Би ийм байх ёстой"" гэж хэлэхэд та тэр бодлыг гадны биет биш, харин өөрийнхөө ""Мөн чанар"" гэж хүлээж авдаг.

Урхи: Тэр өөрийгөө таны ""баг"" буюу Эго-той нэгтгэдэг. Ингэснээр та бодлоо шүүмжлэх эсвэл ажиглах боломжгүй болно. Учир нь та өөрийнхөө эсрэг ""бослого"" гаргаж чадахгүй шүү дээ.

✨ Бодол бол зөвхөн анхаарлаар хооллодог энерги юм. Түүний заль мэхийг таньж сурна гэдэг нь ""Аан, энэ бодол намайг айлгах гэж оролдож байна"", ""Энэ бодол намайг өнгөрсөнд уях гэж байна"" гэж хөндлөнгөөс харахыг хэлнэ. Бодолдоо анхаарал өгөхөө болих үед тэр хүчээ алдаж, аажмаар сарнин алга болдог.","theory_article","intermediate","1","5","20","","https://pub-3b6a730f24f7467b99a9585933b1c815.r2.dev/lessons/thumbnail_20260109_132007_d2d6e7df.jpg","[]","[]","[]","false","true","0","0","0","2026-01-08 10:33:20.327847","2026-01-09 13:20:09.548576","0001-01-01 00:00:00",,"4008"
"9","4",,"Сэдэв 9: Өөрийгөө ажиглагч болгон ялгах","hicheel-6-ooriigoo-ajiglagch-bolgon-yalgah","Өөрийн оюун санааг гаднаас харж сурах","Ажиглагчийн байр суурь (Ухамсарын ""Орон зай""-г таних нь)
Ихэнх хүмүүс өөрсдийгөө өөрийнхөө барьсан ""Сэтгэл зүйн барилгын нэг өрөө"" гэж андуурч, тухайн үед төрж буй нэг бодол, нэг сэтгэл хөдлөл дотроо бүх насаараа түгжигддэг. Гэвч та бол тэр өрөө биш юм. Ажиглагчийн байр суурийг олох гэдэг нь өөрийнхөө сэтгэл зүйн барилгын коридорт зогсоод, ""Миний дотор яг одоо ямар бодол, ямар сэтгэл хөдлөл өрнөж байна вэ?"" гэж хөндлөнгийн нүдээр харахыг хэлнэ. Энэ бол өөрийгөө таних, өөрийгөө удирдах жинхэнэ эрх чөлөөний эхлэл юм.

♟️ Шатарын хөлөг: Тоглоом биш, Орон зай байх нь Таны оюун санааг нэгэн том Шатарын хөлөг гэж төсөөлье. Хөлөг дээр өрнөж буй цагаан ба хар талын нүүдлүүд, тэмцэл, идэлтүүд нь таны ""эерэг"" ба ""сөрөг"" бодлууд юм.

Урхи: Бид ихэвчлэн өөрийгөө аль нэг талын ""хүү"" эсвэл ""ноён"" гэж бодож, тоглоомын дунд орж тулалддаг. Цагаан тал (сайн бодол) ялж байвал баярлаж, хар тал (муу бодол) давамгайлбал айдаст автдаг.

Ажиглагчийн үнэн: Та бол нүүдэл хийж буй хүү биш, бүр нүүдэл хийж буй тоглогч ч биш. Та бол тэр бүх тоглоом өрнөж буй Хөлөг өөрөө юм. Хөлөг дээр ямар ч ширүүн тэмцэл өрнөсөн, хэн нь ч идэгдсэн хөлөг өөрөө шархддаггүй, зурагддаггүй. Хөлөг бол зүгээр л тоглоом өрнөх боломжийг олгож буй хөдөлгөөнгүй, тогтвортой ""Суурь"" юм.

🔭 Тэнгэр ба Үүлний метафор Таны ухамсар бол хязгааргүй уудам, тунгалаг Цэлмэг тэнгэр юм. Харин таны бодлууд, дурсамжууд, төсөөллүүд бол тэр тэнгэрээр нүүж буй Үүлнүүд юм.

Уусах (Төөрөгдөл): Хар үүл бүрхэх үед тэнгэр өөрөө ""Би бол энэ хар үүл"" гэж итгэн, нар байхгүй боллоо гэж гомдоллохтой адил юм. Энэ үед бид бодолтойгоо бүрэн ижилсэж, түүний нөлөөнд автдаг.

Ажиглах (Сэрэхүй): Үүл хэчнээн хар, хүнд, аянга цахилгаантай байсан ч тэнгэр өөрөө түүнд гэмтдэггүй бөгөөд өөрчлөгддөггүйг мэдэх явдал юм. Үүл бол түр зуурын цаг агаар, харин тэнгэр бол үргэлж амар амгалан, цэлмэг хэвээр цаана нь үлддэг тэрхүү орон зай юм.

🧠 Ажиглагчийн байр суурьт шилжих практик алхмууд

Хэл ярианы тусгаарлалт: ""Би ууртай байна"" гэхийн оронд ""Надад 'Уур' гэсэн бодол төрж байгааг би ажиглаж байна"" гэж хэлж сур. Та бол ажиглагдаж буй ""нүүдэл"" биш, харин түүнийг дээрээс нь харж буй ""Ажиглагч"" юм.

Кино театрын үзэгч: Таны амьдрал болон бодол бол кино дэлгэц, харин та тэр киног үзэж буй үзэгч гэж төсөөл. Хэрэв та кинондоо хэтэрхий ороод дэлгэц рүү гүйж очвол та ""Ажиглагч"" байхаа болж, ""Дүр"" болж хувирна.

✨ Дүгнэлт Ажиглагч байх нь бодлыг хүчээр зогсоохыг хэлэхгүй, харин бодолд хөтлөгдөхгүй байхыг хэлнэ. Та өөрийгөө шатарын хөлөг шиг тогтвортой ""Орон зай"" гэдгээ мэдэрсэн цагт Эго-гийн хуурамч айдас үгүй болдог. Тоглоом хэрхэн дуусах нь хамаагүй, хөлөг үргэлж хэвээр үлддэг шиг таны жинхэнэ мөн чанар бодлууд дунд амар амгалан оршсоор байдаг.","theory_article","intermediate","1","5","15","","https://pub-3b6a730f24f7467b99a9585933b1c815.r2.dev/lessons/thumbnail_20260109_132017_086cf982.jpg","[]","[]","[]","false","true","0","0","0","2026-01-08 10:33:20.327847","2026-01-09 13:20:19.439223","0001-01-01 00:00:00",,"4009"
"10","6",,"Сэдэв 1: Дотоод мэдрэхүй (Интероцепц)","lesson-1-dotood-medrehui-interotsepts","Таван мэдрэхүйгээс гадна юу байдаг вэ","Хичээл 1: Интероцепц (Interoception) – 5 мэдрэхүйгээс илүү чухал ""Дотоод мэдрэхүй""
Бид гадаад ертөнцийг харах, сонсох, үнэрлэх зэрэг таван мэдрэхүйгээр таньдаг. Гэвч бидэнд үүнээс ч илүү чухал, өөрийгөө таних биологийн үндэс болсон Интероцепц гэх дотоод мэдрэхүй бий. Энэ нь таны тархи бие доторх эрхтнүүдийнхээ байдлыг буюу зүрхний цохилт, амьсгал, булчингийн чангарал, ходоодны ажиллагааг мэдэрч, тайлбарлаж буй үйл явц юм.

🌀 Биеийн дохио ба Эго-гийн тайлбар Интероцепц бол таны биеэс тархи руу илгээж буй ""түүхий өгөгдөл"" юм. Бидний Эго энэхүү түүхий өгөгдлийг хүлээн авахдаа үргэлж өөрийнхөөрөө ""тайлбар"" нааж, биднийг төөрөгдүүлдэг.

Биеийн өгөгдөл: Чухал уулзалтын өмнө зүрх хүчтэй цохилж, алга хөлрөх. (Энэ бол зүгээр л бие махбодь эрчим хүчээ дайчилж буй биологийн процесс).

Эго-гийн ""Буруу"" тайлбар: ""Би айж байна. Би сандарч байна. Би үүнийг хийж чадахгүй нь.""

Үр дүн: Та биеийнхээ зүгээр л нэг физиологийн өөрчлөлтийг ""Би""-гийн тухай сөрөг түүх болгон хувиргаж, өөрийгөө боомилж эхэлдэг.

🧠 Тархины ""Insula"" буюу Дотоод хянагч Тархины Insula (арал) гэх хэсэг нь биеийн дотоод дохиог сэтгэл хөдлөл болгон хувиргадаг ""төв"" юм. Хэрэв таны интероцепц буюу дотоод мэдрэхүй муу хөгжсөн бол та яагаад тавгүй байгаагаа ойлгохгүй, зөвхөн гадаад орчноос бурууг хайж эхэлдэг. Жишээ нь, цусан дахь сахар багассанаас болж бие тавгүйрхэхийг ""Энэ хүн намайг уурлууллаа"" гэж буруу тайлбарлах нь интероцепц сул байгаагийн шинж юм. Интероцепц сайн хөгжсөн хүн ""Миний зүрх хурдан цохилж байна, би сандарч байгаа биш харин биед маань энерги их байна"" гэж бодитой дүгнэдэг.

📍 Интероцепцийг хөгжүүлэх 5 үндсэн мэдрэмж Өөрийгөө ""Ажиглагчийн"" суудалд суулгаад биеэ дараах байдлаар ""уншиж"" сураарай:

Зүрхний хэмнэл: Зүрхнийхээ цохилтыг зүгээр л нэг хэмнэл, энерги гэж мэдрэх.

Амьсгалын байршил: Амьсгал хаанаа тээглэж байгааг (цээжинд үү, хэвлийд үү) анзаарах.

Булчингийн чангарал: Эрүү, мөр, хүзүүний булчин чангарсан эсэхийг хянах.

Дотор эрхтний байдал: Ходоод зангирах, өлсөх, цангах мэдрэмжийг ""Би""-гээс тусад нь харах.

Температур: Биеийн халуун, хүйтний өөрчлөлтийг ажиглах.

✨ Интероцепц бол таны өөрийгөө таних ""хянах самбар"" юм. Бие бол бодлын суурь учраас биеэс ирж буй дохиог ""Миний тухай түүх"" биш, харин ""Биеийн өгөгдөл"" гэж харж сурах нь жинхэнэ эрх чөлөө юм. Өөрийгөө ""Энэ бол айдас"" гэж нэрлэхээсээ өмнө ""Миний зүрх л хурдан цохилж байна"" гэж салгаж харах нь таныг сэтгэл хөдлөлдөө идэгдэхгүй, харин түүнийг удирдаж сурахад тусална.","theory_article","beginner","1","5","10","","https://pub-3b6a730f24f7467b99a9585933b1c815.r2.dev/lessons/thumbnail_20260109_164015_896884d3.jpg","[]","[]","[]","false","true","0","0","0","2026-01-08 10:33:20.733552","2026-01-09 16:40:18.446027","0001-01-01 00:00:00",,"6010"
"11","6",,"Сэдэв 2: Биеийн газрын зураг","lesson-2-bieiin-gazryn-zurag","Биеийн мессежийг ойлгож сурах","Биеийн газрын зураг – Сэтгэл хөдлөлүүд бие дээр хаана ""амьдардаг"" вэ?
Хэрэв танаас ""Сэтгэл хөдлөл хаана байдаг вэ?"" гэж асуувал та ""Толгой дотор"" гэж хариулж магадгүй. Гэвч шинжлэх ухаан (Finland-ын судлаачдын хийсэн ""Body Maps of Emotions"" судалгаа) өөр зүйл хэлдэг. Сэтгэл хөдлөл бол тархинаас бие рүү илгээж буй био-химийн тушаал бөгөөд биеийн тодорхой хэсэгт энерги болон мэдрэмж болон буудаг.

📍 Сэтгэл хөдлөлийн ""Халуун цэгүүд"" Хүн бүрийн бие дээр сэтгэл хөдлөлүүд ижил газраа ""гэрэлтдэг"". Жишээлбэл:

Уур (Anger): Гар, цээж, нүүр хэсэгт маш хүчтэй энерги төвлөрдөг. Бидний биологийн өгөгдөл ""цохих эсвэл өөрийгөө хамгаалахад"" бэлдэж, цус гар руу шахдаг.

Айдас (Fear): Зүрхний орчим болон хэвлий хэсэгт ""зангирах"" мэдрэмж өгдөг. Тархи аюулаас зугтахын тулд төв эрхтнүүдээ хамгаалж, амьсгалыг дээр гаргадаг.

Аз жаргал (Happiness): Биеийн бүх хэсэгт, ялангуяа толгойноос хөл хүртэл дулаан, хөнгөн мэдрэмж төрүүлдэг цорын ганц сэтгэл хөдлөл.

Гуниг (Sadness): Цээжний гол хэсэгт ""хүнд оргих"" мэдрэмж өгч, гар хөл суларч, энергигүй болгодог.

🧠 Яагаад үүнийг мэдэх хэрэгтэй вэ? Сэтгэл хөдлөлөө ""Би айж байна"" гэж нэрлэх нь Эго-гийн заль мэхэнд орох боломжийг олгодог. Харин ""Биеийн газрын зураг""-аа ашиглан ""Миний цээж бачуурч, гар минь халууцаж байна"" гэж харах нь сэтгэл хөдлөлийг объект болгож байгаа хэрэг юм.

Ажиглагчийн байр суурь: Та сэтгэл хөдлөлөө ""Мэдрэмж"" (Sensation) болгон задлахад тэр нь таныг удирдаж чадахаа больдог. Жишээ нь, ""Миний ходоод зангирч байна"" гэж харах нь ""Би сандарч байна"" гэж итгэхээс хавьгүй бага ""өвдөлт"" өгнө.

🧱 Биеийнхээ зураглалыг унших нь Эго биднийг бодлоор боож хаах үед биеийн аль нэг хэсэгт ""түгжрэл"" үүсдэг. Ууртай үед эрүүгээ зуух, айсан үед мөрөө хавчих гэх мэт. Хэрэв та биеийнхээ аль хэсэгт энерги гацаж байгааг таньж сурвал, тэрхүү сэтгэл хөдлөлийг бодлоор тэжээхгүйгээр, зүгээр л биеэсээ урсган гаргах боломжтой болно.

✨ Сэтгэл хөдлөл бол таны биеэр гүйж буй Энерги юм. Түүнийг ""Би"" гэж нэрлэхээс илүүтэйгээр, биеийн газрын зураг дээр хаана байрлаж байгааг нь ""Ажиглагчийн"" нүдээр хараарай. Сэтгэл хөдлөлийн физиологийн байршлыг таньсан цагт та түүнд автаж живэх биш, харин дээр нь ""серфинг"" хийж сурна.","theory_article","beginner","1","5","10","","https://pub-3b6a730f24f7467b99a9585933b1c815.r2.dev/lessons/thumbnail_20260109_164930_fe5935ea.jpg","[]","[]","[]","false","true","0","0","0","2026-01-08 10:33:20.733552","2026-01-09 16:49:32.253524","0001-01-01 00:00:00",,"6011"
"12","6",,"Сэдэв 3: Тэнцвэрийн систем","lesson-3-tentsveriin-sistem","Тархи биеийг хэрхэн ""гэрийн ажил"" (Homeostasis) хийхэд зохицуулдаг вэ?","Хичээл 3: Тэнцвэрийн систем – Тархи биеийг хэрхэн ""гэрийн ажил"" (Homeostasis) хийхэд зохицуулдаг вэ?
Тархины хамгийн чухал үүрэг бол таныг амьд байлгахын тулд биеийн бүх нөөцийг (цусан дахь сахар, усны хэмжээ, температур, хүчилтөрөгч) тэнцвэртэй байлгах явдал юм. Үүнийг шинжлэх ухаанд Хомеостаз (Homeostasis) гэж нэрлэдэг. Тархи яг л айлын эзэгтэй шиг ""гэрийн ажил""-аа тасралтгүй хийж, нөөц дутагдахаас өмнө нөхөж байдаг.


🏦 ""Биеийн төсөв"" (Body Budgeting) Тархи таны энергийг яг л банкны данс шиг удирддаг.

Орлого: Хоол идэх, унтах, амрах үед энерги нэмэгдэнэ.

Зарлага: Бодох, хөдөлгөөн хийх, стрессдэх үед энерги зарцуулагдана.

Алданги: Хэрэв та маш их стресстэй байвал тархи ""гэрийн ажил""-аа хийхэд хэцүү болж, нөөцөө зөвхөн ""амьд үлдэх""-эд зориулан бусад системүүдээ (хоол боловсруулах, дархлаа) зогсоож эхэлдэг.

⚖️ Тэнцвэр алдагдах ба Эго-гийн ""драма"" Интероцепц буюу дотоод мэдрэхүй тань ""Төсөв дутагдаж байна"" гэсэн дохиог (ядрах, өлсөх, даарах) илгээхэд Эго үүнийг шууд ""Сэтгэл зүйн асуудал"" болгон хувиргадаг.

Жишээ: Та маш их ядарсан эсвэл нойр дутуу байгаагаас болоод бие тань тавгүйрхэхэд Эго ""Би ямар ч хэрэггүй хүн юм"", ""Миний амьдрал болохгүй байна"" гэж драма зохиодог.

Үнэн: Үнэндээ таны тархинд ердөө л гэрийн ажил хийх нөөц дутагдсан байна. Таны сэтгэл санаа биш, харин биологийн тэнцвэр чинь алдагджээ.

🧱 Ажиглагчийн хийх алхам Сэтгэл санаа чинь тавгүй болох үед ""Би ямар бодолтой уусаад байна вэ?"" гэж асуухаасаа өмнө ""Миний биеийн төсөв ямар байна?"" гэж асууж сураарай.

""Би хангалттай унтсан уу?""

""Би ус уусан уу?""

""Миний биед амралт хэрэгтэй байна уу?"" Тэнцвэрээ (Хомеостаз) олж, ""гэрийн ажил""-аа цэгцлэх төдийд Эго-гийн зохиосон ""зохиомол"" асуудлуудын 80% нь аяндаа алга болдог.

✨ Тархи бол юуны түрүүнд биологийн зохицуулагч юм. Бие бол бодлын суурь учраас суурь тэнцвэр алдагдахад бодол дагаад ""өвчилж"" эхэлдэг. Тэнцвэрийн системээ (Хомеостаз) ойлгож, биеэ арчлах нь сэтгэл зүйн амар амгалангийн хамгийн энгийн бөгөөд хамгийн чухал нууц юм.","theory_article","beginner","1","5","15","","https://pub-3b6a730f24f7467b99a9585933b1c815.r2.dev/lessons/thumbnail_20260109_165610_93ce3dc5.jpeg","[]","[]","[]","false","true","0","0","0","2026-01-08 10:33:20.733552","2026-01-09 16:56:13.176311","0001-01-01 00:00:00",,"6012"
"13","7",,"Сэдэв 4:Амьд үлдэх механизм (Амигдала)","lesson-1amd-uldeh-mehanizm-amigdala","Амигдала ба Түгшүүр – Сэтгэл хөдлөл яагаад бодлоос хурдан ажилладаг вэ?","Хичээл 4: Амигдала ба Түгшүүр – Сэтгэл хөдлөл яагаад бодлоос хурдан ажилладаг вэ?
Таны тархины гүнд, чамархайн ард талд Амигдала гэх бүйлс хэлбэртэй жижигхэн эрхтэн бий. Энэ бол таны биеийн ""Галын дохиолол"" юм. Түүний цорын ганц үүрэг бол орчин тойронд аюул байгаа эсэхийг 24/7 хянаж, таныг амьд үлдээх явдал.

⚡ Шууд зам (Low Road) ба Ухаалаг зам (High Road) Тархинд мэдээлэл хоёр замаар боловсруулагддаг:

Ухаалаг зам (Prefrontal Cortex): Мэдээлэл нүдээр ороод, ухамсарт хэсэгт очиж ""Энэ яг юу вэ? Аюултай юу?"" гэж логикоор дүн шинжилгээ хийнэ. Энэ нь маш нарийн боловч хугацаа шаардана (секундыг мянга хуваасны 300-400).

Шууд зам (Амигдала): Мэдээлэл логик тархи руу очихоос өмнө шууд Амигдала руу үсэрдэг. Энэ зам нь ухаалаг замаас бараг хоёр дахин хурдан (секундыг мянга хуваасны 120-200).

Тийм учраас та өвсөн дунд ороонго өвс хараад ""могой"" гэж андууран үсрэхэд Амигдала ажиллаж байна гэсэн үг. Таныг ""Энэ могой юу, эсвэл өвс үү?"" гэж логикоор бодож амжихаас өмнө Амигдала аль хэдийн биед ""Тэмц эсвэл Зугт"" тушаалыг өгчихдөг.

🚨 Амигдалагийн ""Хулгай"" (Amygdala Hijack) Орчин үеийн ертөнцөд бидэн рүү барс дайрах нь ховор ч Амигдала хэт мэдрэг хэвээр байна. Хэн нэгэн таныг шүүмжлэх, дарга чинь дуудах, эсвэл сошиал медиа дээр таагүй сэтгэгдэл харах үед Амигдала үүнийг ""үхлийн аюул"" гэж андуурдаг. Энэ үед:

Логик унтарна: ""Ухаалаг тархи"" (Prefrontal Cortex) руу очих цусны урсгал багасаж, та зөв шийдвэр гаргах чадваргүй болно.

Сэтгэл хөдлөл тэсэрнэ: Таныг бодож амжихаас өмнө амнаас чинь хатуу үг гарах, эсвэл бие чинь чичрэх зэрэг хариу үйлдэл үзүүлнэ. Үүнийг Амигдала таны ухамсарыг ""барьцаалах"" гэж нэрлэдэг.

🧱 Ажиглагчийн хийх ""90 секундын"" дүрэм Амигдала нэгэнт дохиолол асааж, цусанд адреналин шахсан бол тэрхүү химийн бодис сарних хүртэл биологийн хувьд 90 секунд шаардлагатай байдаг.

Алхам 1: Түгшүүр төрөх үед ""Аан, миний Амигдала асаж байна"" гэж нэрлэ. Энэ нь логик тархийг эргүүлэн асаахад тусална.

Алхам 2: Бие дэх ""халуун цэгүүд""-ээ ажигла. Зүрхний цохилт, амьсгалаа мэдэр.

Алхам 3: 90 секунд хүлээ. Энэ хугацаанд ямар нэгэн шийдвэр гаргах, хариу үйлдэл үзүүлэхээс зайлсхий.

✨ Сэтгэл хөдлөл бодлоос хурдан байдаг нь биднийг амьд үлдээх зориулалттай биологийн програм юм. Гэвч энэ хурд нь орчин үед биднийг бодлогогүй үйлдэл хийхэд хүргэдэг. Амигдалагийн механизмыг ойлгож, тэрхүү 90 секундыг ""Ажиглагчийн"" төлөвт өнгөрөөж сурах нь сэтгэл хөдлөлийн оюун ухааны (EQ) хамгийн том нууц юм.","theory_article","intermediate","1","5","10","","https://pub-3b6a730f24f7467b99a9585933b1c815.r2.dev/lessons/thumbnail_20260109_172600_7d877bd7.jpg","[]","[]","[]","false","true","0","0","0","2026-01-08 10:33:20.876116","2026-01-09 17:26:05.059766","0001-01-01 00:00:00",,"7013"
"14","7",,"Сэдэв 5: Автономит мэдрэлийн систем","lesson-2-avtonomit-medreliin-sistem","Биеийн ""Хааз"" ба ""Тормос""-ны гүнзгий зохицуулалт","Хичээл 6: Автономит мэдрэлийн систем – Биеийн ""Хааз"" ба ""Тормос""-ны гүнзгий зохицуулалт
Бидний хүсэл зоригоос үл хамааран зүрхний цохилт, хоол боловсруулалт, амьсгал зэргийг 24/7 удирддаг системийг Автономит мэдрэлийн систем гэнэ. Энэ систем нь таны амьдралыг ""Аюулгүй"" эсвэл ""Аюултай"" гэсэн хоёр туйл дээр удирддаг.

🏎️ 1. Симпатик систем (Sympathetic) – ""Дайны байдал"" Амигдала аюулын дохио өгмөгц энэ систем биеийг ""Тэмц эсвэл Зугт"" төлөвт шилжүүлдэг.

Физиологийн өөрчлөлт: Цус төв эрхтнүүдээс холдож, гар хөлний булчин руу шахна. Хүүхэн хараа томорч, зүрхний цохилт минутад 100-аас дээш гарч, амьсгал гүехэн болдог.

Сэтгэл зүйн нөлөө: Энэ төлөвт таны тархи ""Алсын хараа""-гаа алдаж, зөвхөн ""Яг одоо яаж энэ таагүй мэдрэмжээс салах вэ?"" гэсэн туйлын бодолд автдаг. Эго энэ үед хамгийн түрэмгий, өөрийгөө өмгөөлсөн түүхүүдийг зохиодог.

🧘 2. Парасимпатик систем (Parasympathetic) – ""Энхийн байдал"" Энэ бол биеийг нөхөн сэргээж, энергийг хадгалдаг систем юм. Үүний гол тоглогч нь Vagus Nerve буюу Тэнэгч мэдрэл юм.

Vagus Nerve-ийн үүрэг: Энэ мэдрэл нь тархинаас эхлээд бүх чухал эрхтнийг дамжин хэвлий хүртэл үргэлжилдэг. Энэ нь биед ""Бүх зүйл зүгээр, тайвшир"" гэсэн дохиог түгээдэг ""мэдээллийн хурдны зам"" юм.

Физиологийн өөрчлөлт: Зүрх удааширч, хоол боловсруулалт сэргэж, биеийн дархлааны эсүүд нөхөн төлжиж эхэлнэ. Энэ үед л хүн бусдыг ойлгох, хайрлах, бүтээлчээр сэтгэх чадвартай болдог.

❄️ 3. ""Хөлдөх"" төлөв (Freeze Response) Симпатик систем хэт ачаалж, ""Тэмцэж ч чадахгүй, зугтаж ч чадахгүй"" нөхцөлд орвол бие ""Хөлдөх"" төлөвт шилждэг. Энэ нь амьтдын үхсэн мэт дүр үзүүлэх инстинкт бөгөөд хүнд ""дотооддоо хоосон оргих"", ""мэдрэмжгүй болох"" эсвэл ""сэтгэлээр унах"" хэлбэрээр илэрдэг.

🧱 Ажиглагчийн хийх ""Систем шилжүүлэлт"" (Vagus Nerve Tuning) Таны мэдрэлийн систем сэтгэл санааны чинь ""суурь"" учраас бодолтойгоо тэмцэхээс өмнө биологио засах хэрэгтэй:

Биологийн хакер: Урт амьсгал гаргах нь Vagus Nerve-ийг шууд идэвхжүүлдэг. 4 секунд амьсгал аваад, 8 секунд маш удаан гаргахад таны тархи ""Аюул өнгөрчээ"" гэж хүлээн авч, Симпатик системийг унтраадаг.

Хүйтэн ус: Нүүрээ хүйтэн усаар шавших нь ""Diving reflex""-ийг асааж, зүрхний цохилтыг механикаар удаашруулдаг.

Нэрлэх ба Ажиглах: ""Миний систем 'Тэмцэх' төлөвт байна"" гэж хэлэх нь таныг тэрхүү биологийн шуурганаас салгаж, Ажиглагчийн суудалд суулгана.

✨ Таны Эго-гийн зохиодог ихэнх ""зовлон"" бол үнэндээ Симпатик систем чинь хэт идэвхжсэний л үр дагавар юм. Хэрэв та ""хааз""-аа (Симпатик) багасгаж, ""тормос""-оо (Парасимпатик) гишгэж сурвал, хамгийн хүнд нөхцөлд ч бодлынхоо боол болохгүй, цэлмэг ухаанаар шийдвэр гаргаж чадна.","theory_article","intermediate","1","5","15","","https://pub-3b6a730f24f7467b99a9585933b1c815.r2.dev/lessons/thumbnail_20260109_173434_57bd181d.jpg","[]","[]","[]","false","true","0","0","0","2026-01-08 10:33:20.876116","2026-01-09 17:34:36.534452","0001-01-01 00:00:00",,"7014"
"15","7",,"Сэдэв 6: Стресс (Кортизол) ба Хайр (Окситоцин)","lesson-3-stress-kortizol-ba-hair-oksitotsin","Кортизол (Стресс) ба Окситоцин (Хайр)","Хичээл 6: Кортизол (Стресс) ба Окситоцин (Хайр)

Бидний сэтгэл хөдлөл бие дээр ""мэдрэмж"" болон буудаг нь үнэндээ гормонуудын үйлчилгээ юм. Хамгийн гол хоёр тоглогчийг танилцуулъя.

☕ 1. Кортизол (Cortisol) – ""Сэрүүлэг ба Стресс"" Кортизол бол биднийг өглөө орноос босоход тусалдаг ""эрч хүчний"" гормон боловч аюулын үед ""стрессийн гормон"" болон хувирдаг.

Бие дээр мэдрэгдэх нь: Цусны даралт ихсэх, булчин чангарч бэлэн байдалд орох, ходоод орчим ""хоосон"" эсвэл ""зангирсан"" мэдрэмж төрөх.

Бодолд үзүүлэх нөлөө: Кортизол ихсэх үед тархи зөвхөн сөрөг таамаглал дэвшүүлж, ""Бүх зүйл бүтэхгүй байна"", ""Аюултай байна"" гэдэг бодлуудыг үйлдвэрлэдэг.

Аюул: Хэрэв кортизол цусанд удаан байвал (архаг стресс) дархлаа суларч, бодол үргэлж түгшүүртэй болно.

☁️ 2. Окситоцин (Oxytocin) – ""Холбоос ба Хайр"" Үүнийг ""Тэврэлтийн гормон"" гэж нэрлэдэг. Хүн өөрийгөө аюулгүй, бусадтай холбоотой гэж мэдрэх үед ялгарна.

Бие дээр мэдрэгдэх нь: Цээжний орчим дулаан оргих, булчингууд суларч амьсгал гүнзгийрэх, бие бүхэлдээ ""зөөлрөх"" мэдрэмж.

Бодолд үзүүлэх нөлөө: Окситоцин ялгарахад тархи бусдад итгэх, асуудлыг эерэгээр харах, ""Би ганцаараа биш"" гэж бодох төлөвт шилждэг. Энэ нь кортизолын ""ерөндөг"" болдог.

🧪 Коктейлийг яаж өөрчлөх вэ? (Биологийн удирдлага) Таны цусанд ямар коктейль найруулагдахыг та Ажиглагчийн байр сууринаас удирдаж болно:

Кортизолыг ""угаах"": Кортизол бол хөдөлгөөнөөр гадагшилдаг энерги. Хэрэв стрессдсэн бол зүгээр сууж бодоод байлгүй, хурдан алхах, биеэ сэгсрэх, эсвэл гүнзгий амьсгалж биеийг ""тормос"" (Парасимпатик) төлөвт оруулахад кортизол багасаж эхэлнэ.

Окситоциныг ""асаах"": Өөрийгөө тэврэх, хайртай хүнтэйгээ ярих, эсвэл зүгээр л талархаж буй 3 зүйлээ бодоход тархи окситоцин ялгаруулж эхэлдэг. Энэ нь биологийн түвшинд айдсыг саармагжуулна.

🧱 Ажиглагчийн дүгнэлт Таны ""Би муу хүн байна"" гэж бодож байгаа чинь үнэндээ бодит байдал биш, харин цусанд чинь кортизол ихэссэний л дохио байж болно. Сэтгэл санаагаа шүүхээс өмнө бие доторх ""химийн найрлага""-аа анзаараарай. ""Миний цусанд одоо стрессийн коктейль найруулагдсан байна, тиймээс миний бодол сөрөг байгаа нь зүй ёсны хэрэг"" гэж харах нь таныг бодлынхоо боол болохоос аврах болно.","theory_article","intermediate","1","5","20","","https://pub-3b6a730f24f7467b99a9585933b1c815.r2.dev/lessons/thumbnail_20260109_174443_0c09e8b2.jpg","[]","[]","[]","false","true","0","0","0","2026-01-08 10:33:20.876116","2026-01-09 17:44:46.144965","0001-01-01 00:00:00",,"7015"
"16","8",,"Сэдэв 7: Биеийн хэлэмж","lesson-1-bieiin-helemj","Биеийн байрлал бодолд яаж нөлөөлдөг вэ?","Хичээл 1: Биеийн хэлэмж (Feedback Loop) – Биеийн байрлал бодолд яаж нөлөөлдөг вэ?
Бидний тархи бие махбодоос салангид оршдоггүй. Тархи бол биеийн нэг хэсэг бөгөөд тэрээр гадаад ертөнцийг тандахаасаа илүүтэйгээр ""Миний бие ямар байдалтай байна?"" гэдгийг секундыг мянга хуваасны нэг хугацаанд байнга шалгаж байдаг. Үүнийг бидний ""Эргэх холбоо"" (Bio-feedback loop) гэж нэрлэдэг.

🧠 Тархины ""Биеийн уншигч"" систем Тархины дээд хэсэгт орших Somatosensory Cortex нь биеийн хэсэг бүрээс ирж буй мэдрэлийн дохиог хүлээн авдаг.

Жишээ: Хэрэв таны хөмсөг зангирч, эрүү зуугдсан бол тархи ""Яг одоо миний эзэн ямар нэгэн зүйлд төвлөрч, эсвэл уурлаж байна"" гэж дүгнэнэ. Хэдийгээр таны амьдралд бодит асуудал байхгүй байсан ч, таны булчингийн агшилт тархинд ""Асуудал байна"" гэсэн дохиог өгснөөр тархи түүнд тохирсон сөрөг бодлуудыг ""татаж"" эхэлдэг.

🦸‍♂️ ""Хүчирхэг байрлал"" (Power Posing) ба Гормоны дайн Биеийн байрлал нь цусан дахь гормоны найрлагыг шууд өөрчилдөг болохыг Харвардын сургуулийн судалгаагаар баталсан.

Нээлттэй байрлал (High Power Pose): Мөрөө цэхэлж, гараа ташаандаа авах эсвэл суудлаа томсгож алдах. Ингэж ердөө 2 минут байхад өөртөө итгэх итгэлийг хариуцдаг Тестостерон 20% нэмэгдэж, стрессийн гормон болох Кортизол 25% буурдаг.

Хаалттай байрлал (Low Power Pose): Мөрөө хавчих, гараа зөрүүлэх, утсаа хараад доошоо бөхийх. Ингэхэд Тестостерон буурч, Кортизол нэмэгддэг.


😊 Нүүрний булчингийн ""Хиймэл"" жаргал Тархины сэтгэл хөдлөлийн төвүүд нүүрний булчинтай шууд холбоотой байдаг. Хүн албаар инээмсэглэхэд нүүрний Zygomaticus major булчин агшиж, тархинд ""Эзэн баяртай байна"" гэсэн мэдээлэл очно. Тархи үүний хариуд Эндорфин болон Серотонин ялгаруулдаг. Таны сэтгэл санаа үнэхээр муу байсан ч, биеийн энэ ""заль"" нь тархийг хуурч, бодлыг аяндаа эерэг болгож хувиргадаг юм.

🧱 Ажиглагчийн ""Биеийн Аудит"" Сэтгэлээр унах үедээ бодолтойгоо тэмцэх нь намагт живж буй хүн хөлөөрөө тийчлэхтэй адил юм. Үүний оронд Ажиглагчийн суудалд суугаад биедээ ""Аудит"" хий:

Биеийн нээлттэй байдал: Би яг одоо агшсан байна уу, эсвэл тэлсэн байна уу? (Тэлэх дасгал хий).

Амьсгалын гүн: Миний амьсгал дээр байна уу, эсвэл хэвлийд байна уу? (Гүн амьсгалж тархинд ""аюулгүй"" гэсэн дохио өг).

Харааны чиглэл: Би доошоо харж байна уу, эсвэл өгсөж харж байна уу? (Хараагаа тэнгэр рүү эсвэл алсын хараа руу чиглүүл).

✨ Дүгнэлт Бие бол бодлын суурь төдийгүй түүнийг засагч ""багаж"" юм. Таны Эго ""Би арчаагүй хүн"" гэж үглэж байхад таны бие ""Арслан"" шиг цэх зогсож байвал тархи удалгүй Эго-гийн үгийг биш, биеийнхээ ""хүчийг"" дагаж шийдвэрээ өөрчилдөг. Биеийн хэлэмжээ хянах нь сэтгэл зүйн эрүүл мэндийн хамгийн энгийн бөгөөд үр дүнтэй хакер юм.","theory_article","intermediate","1","5","10","","https://pub-3b6a730f24f7467b99a9585933b1c815.r2.dev/lessons/thumbnail_20260109_221359_3cb385a8.jpg","[]","[]","[]","false","true","0","0","0","2026-01-08 10:33:21.094202","2026-01-09 22:14:05.731131","0001-01-01 00:00:00",,"8016"
"17","8",,"Сэдэв 8: Бие бодлыг яаж чиглүүлдэг вэ?","ii3-lesson-2-body-directs-thoughts","Биеийн байдал бодолд хэрхэн нөлөөлдөг","Хичээл 6: Ходоод бол ""Хоёр дахь тархи"" – Гэдэс ба Тархины тэнхлэг
Ихэнх хүмүүс ходоодыг зөвхөн ""хоолны машин"" гэж боддог. Гэвч үнэндээ таны гэдсэнд 100-500 сая мэдрэлийн эсүүд (Enteric Nervous System) байдаг бөгөөд энэ нь өөрөө бие даан шийдвэр гаргах чадвартай тул шинжлэх ухаанд ""Хоёр дахь тархи"" (Second Brain) гэж нэрлэгддэг.

🗣️ Тархи ↔ Гэдэс: Хоёр чиглэлт холбоос. Тархи болон гэдэс хоёр нь Вагус мэдрэл хэмээх аварга том ""кабель""-аар холбогддог. Хамгийн гайхалтай нь энэ замаар дамжиж буй мэдээллийн 80% нь гэдэснээс тархи руу чиглэдэг. Өөрөөр хэлбэл, таны гэдэс тархиндаа ямар сэтгэл хөдлөлтэй байхыг нь тасралтгүй ""мессеж""-ээр зааварчилж байдаг гэсэн үг. Хэрэв гэдэс тавгүй бол тархи ямар ч шалтгаангүйгээр түгшиж эхэлнэ.

🧪 Серотонин хаанаас гардаг вэ? Биднийг амар амгалан, сэтгэл хангалуун байлгадаг ""аз жаргалын гормон"" болох Серотонины 90 гаруй хувь нь тархинд биш, харин гэдсэнд үйлдвэрлэгддэг. Тийм учраас хоол боловсруулах тогтолцооны асуудал нь зөвхөн ""гэдэс өвдөх"" биш, шууд сэтгэл гутрал, архаг түгшүүрийн үндэс болдог. Гэдэс эрүүл биш бол тархинд аз жаргалыг мэдрэх ""химийн түүхий эд"" дутагддаг.

🎭 Сэтгэл хөдлөлийн ""Биологийн тусгал"" Сэтгэл хөдлөл бүр гэдсэнд өөрийн гэсэн физиологийн мөрийг үлдээдэг:

Айдас: Ходоод агшиж, дотор муухайрах (Зугтахад бэлдэж цус гадагшилна).

Түгшүүр: Гэдэс базлах, хий дүүрэх (Мэдрэлийн систем хэт ачаалснаас).

Уур: Гэдэс халуу оргих, хатуурах.

Тайвшрал: Дулаан оргиж, хөдөлгөөн жигдрэх.

🛑 Стресс үед яагаад хоол боловсрохоо больдог вэ? Стресс мэдрэгдэх үед тархи ""Амьд үлдэх төлөв"" (Survival mode)-д шилждэг. ""Одоо идэх цаг биш, амьд үлдэх цаг"" гэж шийдээд, хоол боловсруулалтад зарцуулагдах цусыг шууд булчин руу шахдаг. Үүнээс болж хоол боловсруулалт удааширч, гэдэс хөшиж, ""чулуу"" шиг оргидог. Асуудал нь стресст биш, харин энэ төлөв удаан үргэлжилж, бие ""Тормос"" (Парасимпатик) төлөвт орж амжихгүй байгаад оршино.

🧱 Ажиглагчийн хийх алхам Сэтгэл санаа чинь тогтворгүй болох үед ""Би яагаад ингэж бодоод байна?"" гэж Эго-тойгоо мэтгэлцэхийн оронд Ажиглагчийн суудалд суугаад гэдсээ чагна:

Гэдсээ сулла: Гэдэс зангирсан байвал амьсгалаа доош нь авч гэдсээ түхийлгэ. Энэ нь Вагус мэдрэлээр дамжуулан тархинд ""Бүх зүйл аюулгүй"" гэсэн дохиог илгээнэ.

Хооллох соёл: Стресстэй эсвэл ууртай үедээ бүү ид. Эхлээд биеэ тайвшруулж, ""Тормос""-оо гишгэж байж хоолло.

✨ Ходоод бол зөвхөн хоол боловсруулах эрхтэн биш, энэ бол таны ""Сэтгэл хөдлөлийн хөдөлгүүр"" юм. Бие бол бодлын суурь учраас гэдэснийхээ мэдрэмжийг Ажиглагчийн нүдээр таньж сурах нь сэтгэл зүйн асар том асуудлуудыг биологийн түвшинд шийдэх түлхүүр болно.","theory_article","beginner","1","5","15","","https://pub-3b6a730f24f7467b99a9585933b1c815.r2.dev/lessons/thumbnail_20260111_001635_b5dce790.jpg","[]","[]","[]","false","true","0","0","0","2026-01-08 10:33:21.094202","2026-01-11 00:16:37.612729","0001-01-01 00:00:00",,"8017"
"18","8",,"Сэдэв 9: Мэдрэмжийн мөчлөг","ii3-lesson-3-emotional-cycle","Бодол-Бие-Мэдрэмж хэрхэн давталт үүсгэдэг","Хичээл 10: Мэдрэмжийн мөчлөг – Бодол ба Биеийн ""Хар дарсан зүүдний"" тойрог
Бидний сэтгэл хөдлөл хэрхэн ""гацдаг"" механизмыг 4 алхамд хувааж болно:

1. Бодол (The Spark): Бүх зүйл тархинд нэг бодлоос эхэлнэ. Жишээ нь: ""Дарга намайг ажлаас халах байх"" эсвэл ""Тэр надад хайргүй болчихож"". Энэ бодол бол Амигдалагийн хувьд ""Аюулын дохио"" юм.

2. Биеийн хариу үйлдэл (The Physiology): Тархи тэр бодлыг ""бодит аюул"" гэж хүлээн авч, бие рүү стрессийн гормон (кортизол, адреналин) шахна.

Бие дээр: Зүрх дэлсэх, ходоод зангирах, булчин чангарах.

3. Мэдрэмж (The Feeling): Интероцепц (дотоод мэдрэхүй) бие дээрх тэрхүү зангирал, халуу оргилтыг тархи руу ""мэдээлэл"" болгон буцааж илгээнэ. Тархи үүнийг ""Түгшүүр"" эсвэл ""Айдас"" гэж нэрлэж мэдэрдэг.

4. Тойрог хаагдах (The Loop): Энд л хамгийн аюултай зүйл болдог. Тархи биеэс ирсэн ""айдас""-ыг мэдрэнгүүтээ ""Өө, бие маань ингэж их айж байгаа юм чинь нөгөө бодол маань үнэхээр үнэн байж!"" гэж дүгнээд, тэр бодлоо улам хүчтэй, улам аймаар болгож хувиргадаг.

🔄 Яагаад бид үүнд гацдаг вэ?
Хүн өдөрт дунджаар 60,000-70,000 бодол боддог бөгөөд үүний 90% нь өмнөх өдрийнхтэй ижил байдаг.

Та нэг бодлоо бодно -> Бие чинь түүнд тохирсон ""химийн коктейль"" найруулна -> Та тэр химийн бодисоо мэдэрнэ -> Тэр мэдрэмж чинь эргээд ижил төрлийн бодлыг ""соронз"" шиг татна.

Үүнийг удаан давтвал таны бие тухайн мэдрэмжинд (жишээ нь, гуниг эсвэл уур) ""донтож"" эхэлдэг. Учир нь бие махбодь тэр химийн найрлагыг ""хэвийн төлөв"" гэж андуурдаг болно.

🧱 Ажиглагчийн хийх ""Тойрог таслах"" алхам
Энэ мөчлөгийг таслахын тулд та ""Ажиглагч"" болж, гинжин хэлхээний аль нэг хэсэгт саад болох хэрэгтэй:

Бодлын түвшинд: ""Энэ бол зөвхөн бодол, бодит байдал биш"" гэж таньж мэдэх.

Биеийн түвшинд: Биеийн ""халуун цэг""-ээ илрүүлж, түүнийг суллах (амьсгалаар дамжуулж).

Мэдрэмжийн түвшинд: ""Би айж байна"" гэхийн оронд ""Миний цээжинд энерги зангирч байна"" гэж физиологийн мэдрэмжийг нь нэрлэх.

✨ Дүгнэлт: Сэтгэл хөдлөл бол ""Бодол ба Биеийн харилцан яриа"" юм. Хэрэв таны бие стрессийн коктейлиор дүүрэн байвал та хичээж хичээж эерэг юм бодох гээд нэмэргүй. Учир нь бие чинь тархиндаа ""Аюул байна!"" гэж тасралтгүй орилсоор байх болно. Тиймээс эхлээд биеэ тайвшруулж, мөчлөгийг тасалснаар ""Ухаалаг тархи"" эргэн ажиллах боломж бүрддэг.","theory_article","intermediate","1","5","15","","https://pub-3b6a730f24f7467b99a9585933b1c815.r2.dev/lessons/thumbnail_20260109_223911_2bf05190.jpg","[]","[]","[]","false","true","0","0","0","2026-01-08 10:33:21.094202","2026-01-09 22:39:16.493504","0001-01-01 00:00:00",,"8018"
"19","10",,"Сэдэв 1: Маслоугийн пирамид","lesson-1-maslougiin-piramid","Хэрэгцээний шатлал - орчин үеийн тайлбар","Хичээл 1: Маслоугийн пирамид – Орчин үеийн тайлбар
Маслоугийн пирамид бол хүний хэрэгцээг доороос нь дээш эрэмбэлсэн зураглал юм. Гэхдээ орчин үед энэ нь зүгээр нэг шат биш, харин тархины нөөцөө яаж хуваарилах тухай ""Body Budgeting""-ийн систем юм.


🔼 Пирамидын шатлалууд (Орчин үеийн өнцгөөс):
1. Физиологийн хэрэгцээ (Physiological): ""Системийн аюулгүй байдал""

Хэрэгцээ: Хангалттай нойр, эрүүл хоол, ус, хүчилтөрөгч.

Бие-Бодлын холбоо: Хэрэв энэ суурь байхгүй бол тархи ""амьд үлдэх"" төлөвт шилжиж, өндөр түвшний бодол (бүтээлч байдал, философи) бодох боломжгүй болно. Та зүгээр л ""ядарсан"" байхад Эго үүнийг ""Миний амьдрал бүтэлгүй байна"" гэж драма болгодог.

2. Аюулгүй байдлын хэрэгцээ (Safety): ""Маргаашийн төсөв""

Хэрэгцээ: Мөнгө, орон гэр, эрүүл мэнд.

Бие-Бодлын холбоо: Энэ хэрэгцээ хангагдаагүй үед Амигдала байнга ""асаалттай"" байна. Түгшүүр бол аюулгүй байдал дутагдсаны биологийн дохио юм.

3. Нийгмийн хэрэгцээ (Love/Belonging): ""Бид""

Хэрэгцээ: Гэр бүл, найз нөхөд, сошиал орчин дахь хүлээн зөвшөөрөгдөх байдал.

Бие-Бодлын холбоо: Хүн нийгмийн амьтан учраас ганцаардал нь бие махбодийн хувьд ""өвдөлт"" мэт мэдрэгддэг. Окситоцин ялгарах орчин байхгүй бол стресс саармагжихгүй.

4. Хүндэтгэлийн хэрэгцээ (Esteem): ""Би хэн бэ?"" – Эго-гийн эзэнт гүрэн
Энэ шат бол Эго-гийн ""оршин тогтнох"" гол хөдөлгүүр. Тархины хувьд бусдаар үнэлүүлэх нь зүгээр нэг ""гоё мэдрэмж"" биш, харин нийгмийн статусын аюулгүй байдал юм.

Орчин үеийн ""Хар дарсан зүүд"": Өмнө нь бид зөвхөн хөршүүдтэйгээ өөрийгөө харьцуулдаг байсан бол одоо сошиал медиагаар дамжуулж дэлхийн хамгийн амжилттай 1%-тай өөрийгөө харьцуулж байна. Эго-гийн ""Хангалттай сайн байна уу?"" гэдэг асуулт хэзээ ч хариултгүй ""хоосон нүх"" болон хувирдаг.

Эго-гийн хавх: Бид өөртөө итгэх итгэлээ ""Гаднаас"" (бусдын лайк, магтаал, албан тушаал) хайж эхэлдэг. Гэтэл гаднаас хамааралтай үнэлэмж нь маш эмзэг. Нэг л шүүмжлэл ирэхэд Амигдала ""Би устлаа!"" гэсэн дохио өгч, таныг сэтгэл зүйн хямралд оруулдаг.

Тархины хими: Амжилт гаргах үед Допамин түр зуур огцом өсдөг ч, тэр нь маш хурдан замхардаг. Эго үүнийг нөхөхийн тулд ""Дараагийн амжилт хаана байна?"" гэж таныг зогсолтгүй хөөдөг.

5. Өөрийгөө илэрхийлэх хэрэгцээ (Self-Actualization): ""Ажиглагч""-ийн сэрэлт
Энэ бол Маслоугийн хэлснээр ""Хүн юу болж чадах вэ, тэр нь болох ёстой"" гэсэн түвшин. Орчин үеийн утгаар бол энэ нь тархины бүх нөөцөө ашиглах чадвар юм.

Тархины энерги (Cognitive Surplus): Доод шатны ""Бие-Бодлын"" мөчлөгүүд (нойр, хоол, аюулгүй байдал, хайр) тэнцвэртэй байх үед тархи стрессээс хамгаалах горимоос гарч, Prefrontal Cortex (ухаалаг тархи) руу бүх энергиэ шахдаг. Энэ үед л хүн ""Би хэн бэ?"", ""Миний амьдралын зорилго юу вэ?"" гэж жинхэнэ утгаар нь бодож чаддаг.

Ажиглагч ба Урсгал (Flow State): Өөрийгөө илэрхийлэх түвшинд хүн Эго-гоосоо ангижирч эхэлдэг. Та ямар нэг зүйлийг хийж байхдаа цаг хугацааг мартаж, ""би"" гэдэг бодлоос салахыг Flow буюу урсгал төлөв гэнэ. Энэ бол Ажиглагч болон Бүтээгч хоёр нэгдсэн цэг юм.

Сэтгэл зүйн эрх чөлөө: Энэ шатанд та өөрийгөө гаднаас ирэх үнэлэмжээр биш, дотоод үнэт зүйлээрээ тодорхойлдог. Эго ""Бусад юу гэх бол?"" гэж шивнэхэд, Ажиглагч ""Энэ миний үнэнийг илэрхийлж байна уу?"" гэж асуух чадвартай болно.

🧱 ""Орчин үеийн"" Хавх (The Modern Trap)
Өнөөдөр бидний Эго хамгийн доод шатны (Биеийн) хэрэгцээгээ гаргуунд нь гаргаад, шууд 4 болон 5-р шат руу үсрэх гэж оролддог. Жишээ нь:

Унтахгүйгээр (1-р шат алгасах) амжилтад хүрэх гэж зүтгэх (4-р шат).

Бие махбодь нь стресстэй байхад (2-р шат) ""соён гэгээрэх"" гэж хичээх (5-р шат).

Үр дүн: Суурьгүй пирамид нурдаг шиг, бидний сэтгэл зүй ч амархан ганхаж, түгшүүрт автдаг.

✨ Дүгнэлт Маслоугийн пирамид бол таны ""Ажиглагчийн"" хийх ёстой шалгах хуудас (Checklist) юм. Сэтгэл санаа чинь тавгүй болоход Эго ""Би ямар ч хэрэггүй хүн"" гэж хэлвэл, Ажиглагч нь ""Би пирамидынхаа суурийг (хоол, нойр, амралт) хангаж чадсан уу?"" гэж асуух ёстой.","theory_article","beginner","1","5","10","","https://pub-3b6a730f24f7467b99a9585933b1c815.r2.dev/lessons/thumbnail_20260109_230933_1f6b3c79.jpeg","[]","[]","[]","false","true","0","0","0","2026-01-08 10:33:21.23717","2026-01-09 23:09:40.114805","0001-01-01 00:00:00",,"10019"
"20","10",,"Сэдэв 2: Дутуу хангагдсан хэрэгцээ","iii1-lesson-2-unmet-needs","Хангагдаагүй хэрэгцээ хэрхэн нөлөөлдөг","Хичээл 2: Дутуу хангагдсан хэрэгцээ – ""Сэтгэл зүйн хар нүх""
Маслоугийн пирамидын аль нэг шат хангалтгүй байх үед тархинд ""Сэтгэл зүйн өлсгөлөн"" үүсдэг. Энэ нь биднийг ямар ч логикгүйгээр тодорхой үйлдлүүд рүү түлхэж байдаг ""далд хүч"" юм.

🧲 ""Дутуу"" хэрэгцээний соронзон хүч Хэрэв таны аль нэг хэрэгцээ дутуу бол таны анхаарал бусад бүх ""бүрэн"" байгаа зүйлсийг харахаа больж, зөвхөн тэрхүү хоосон орон зай руу соронз мэт татагддаг.

Жишээ: Та маш их мөнгөтэй байж болно (2-р шат хангагдсан). Гэвч багадаа хэн нэгэнд хүлээн зөвшөөрөгдөж байгаагүй бол (3 эсвэл 4-р шатны дутагдал) та хэчнээн баян байсан ч ""би хангалттай биш байна"" гэсэн мэдрэмжээр амьдарна. Таны тархи зөвхөн тэрхүү ""нүх""-ийг л томруулж харсаар байдаг.

🎭 ""Орлуулах"" зан үйл (The Compensation Mechanism) Тархи дутуу байгаа хэрэгцээгээ өөр нэг ""хялбар"" аргаар бөглөх гэж оролддог маш аюултай зальтай. Үүнийг ""Буруу хаягаар очсон тусламж"" гэж нэрлэж болно.

Хэрэгцээ: Гэр бүлийн хайр, халамж (3-р шат) дутагдах.

Орлуулж буй зан үйл: Ажил дээрээ хэт их амжилт гаргаж, эрх мэдэлд хүрэх (4-р шат). Эго ""Би мундаг болчихвол хүмүүс намайг хайрлана"" гэж найдаж байгаа ч, бодит байдал дээр амжилт нь хайрын орон зайг хэзээ ч нөхөж чаддаггүй.

🛠️ ""Засах"" дон ба Бодит байдлыг буруу унших Бид сэтгэл санаа тавгүй болоход ""Аан, миний амьдралд нэг л асуудал байна, энийг л засчихвал би жаргалтай болно"" гэж шууд дүгнэнэ. Гэвч ихэнхдээ бид буруу шат руу хараад байдаг:

Та зүгээр л ядарсан, нойр дутуу байхад (1-р шат), Эго үүнийг ""Би амжилтгүй хүн байна"" (4-р шат) гэж орчуулж, таныг илүү их ажиллахыг шаардана.

Та зүгээр л ганцаардаж байхад (3-р шат), Эго ""Надад мөнгө дутагдаж байна"" (2-р шат) гэж орчуулж, таныг худалдан авалт хийх рүү түлхэнэ.

🧱 Ажиглагчийн хийх ""Нүхээ таних"" дасгал Таныг хамгийн их зовоодог эсвэл донтуулдаг зүйл рүүгээ хараад Ажиглагчийн суудалд суугаад асуу:

""Би үнэхээр 'амжилт' хүсээд байна уу, эсвэл зүгээр л 'хүлээн зөвшөөрөгдөх' хүсээд байна уу?""

""Миний энэ мэдрэмж биологийн суурь хэрэгцээнээс (нойр, хоол) үүдэлтэй байна уу, эсвэл Эго-гийн зохиосон 'дутагдал' уу?""

✨ Дутуу хангагдсан хэрэгцээ бол таныг удирдаж буй ""далд гар"" юм. Үүнийг гаднаас засах гэж зүтгэхээс өмнө, тэрхүү ""нүх"" яг аль шатанд байгааг Ажиглагчийн нүдээр олж харах нь хамгийн чухал. Нүхээ таньсан цагт л та түүнийг ""орлуулагч"" зүйлээр биш, бодит зүйлээр нь бөглөж эхэлнэ.","theory_article","beginner","1","5","10","","https://pub-3b6a730f24f7467b99a9585933b1c815.r2.dev/lessons/thumbnail_20260109_232450_4c5c5b34.jpg","[]","[]","[]","false","true","0","0","0","2026-01-08 10:33:21.23717","2026-01-09 23:24:58.058564","0001-01-01 00:00:00",,"10020"
"21","10",,"Сэдэв 3: Хэрэгцээ ба Үйлдэл","lesson-3-heregtsee-ba-uildel","Таны зан үйл хэрэгцээгээс үүсдэг","Хичээл 3: Хэрэгцээ ба Үйлдэл – Таны үйлдэл хэрэгцээгээс чинь төрдөг
Бидний хийж буй үйлдэл бүр цаанаа заавал нэг ""зорилго""-той байдаг. Тэр зорилго нь Маслоугийн пирамидын аль нэг шатны хэрэгцээг хангах, эсвэл тэр шатан дахь ""хоосон орон зай""-г нөхөх гэсэн тархины оролдлого юм.

🔍 Үйлдлийн цаана нуугдсан ""Код""-ыг тайлах нь:
🎯 1. Баталгаа хайх үйлдлүүд (Seeking Validation)

Үйлдэл: Сошиал медиад байнга зураг нэмэх, бусдад өөрийгөө гайхуулах, хэтрүүлж ярих.

Нуугдсан хэрэгцээ: Нийгмийн харилцаа (3-р шат) болон Өөрийгөө үнэлүүлэх (4-р шат).

Ажиглалт: Эго ""Би үнэ цэнтэй хүн мөн үү?"" гэж айж байгаа тул гаднаас баталгаа (like, магтаал) цуглуулж байна.

🛡️ 2. Хянах, түрэмгийлэх үйлдлүүд (Control & Aggression)

Үйлдэл: Бусдыг шүүмжлэх, бүх зүйлийг өөрийнхөөрөө байлгах гэж зүтгэх, уурлах.

Нуугдсан хэрэгцээ: Аюулгүй байдал (2-р шат).

Ажиглалт: Дотоод ертөнц нь эмх замбараагүй, айдастай байгаа хүн гадаад орчноо ""хянах"" замаар аюулгүй байдлыг мэдрэх гэж оролдож буй хэрэг.

🍦 3. Зугтах үйлдлүүд (Escapism)

Үйлдэл: Хэт их идэх, видео тоглоомд донтох, ажлаар өөрийгөө балбах.

Нуугдсан хэрэгцээ: Физиологийн амгалан байдал (1-р шат) эсвэл Сэтгэл зүйн холбоос (3-р шат).

Ажиглалт: Тархи стрессээс зугтаж, допамины хялбар аргаар ""би зүгээр байна"" гэдэг хуурамч мэдрэмжийг өөртөө өгч байна.

🧱 Ажиглагчийн хийх ""Үйлдлийн аудит""
Таныг ямар нэгэн үйлдэл хийхэд Эго чинь ""Би зүгээр л тэгмээр санагдаад байна"" гэж хэлэх байх. Гэвч Ажиглагч нь дараах асуултыг асуудаг:

""Миний энэ үйлдэл яг аль шатны хэрэгцээг хангах гээд байна вэ?"" (Мөнгө үү? Хайр уу? Нойр уу?)

""Би энэ хэрэгцээгээ хангах илүү эрүүл өөр үйлдлийг мэдэх үү?"" (Магтаал хайхын оронд өөрийгөө үнэлж сурах уу?)

""Миний үйлдэл бодит хэрэгцээндээ нийцэж байна уу, эсвэл 'Буруу хаягаар' очсон үйлдэл үү?""

✨ Дүгнэлт: Үйлдэл бол зөвхөн ""мөсөн уулын орой"" юм. Хэрэв та өөрийнхөө үйлдлийг засахыг хүсвэл үйлдлийг өөрийг нь биш, харин түүнийг үүсгээд байгаа суурь хэрэгцээгээ Ажиглагчийн нүдээр олж харах ёстой. Хэрэгцээгээ зөв таньсан цагт таны үйлдэл аяндаа ""ухамсарт сонголт"" болон өөрчлөгдөнө.","theory_article","intermediate","1","5","15","","https://pub-3b6a730f24f7467b99a9585933b1c815.r2.dev/lessons/thumbnail_20260109_234156_17ef0111.jpg","[]","[]","[]","false","true","0","0","0","2026-01-08 10:33:21.23717","2026-01-09 23:42:05.28822","0001-01-01 00:00:00",,"10021"
"22","11",,"Сэдэв 4: Хүүхэд нас ба орчин","iii2-lesson-1-childhood-environment","Үнэт зүйл хэрхэн төлөвшдөг вэ","Хичээл 4: Хүүхэд нас ба орчин – ""Программ суулгалт""
Таны өнөөдрийн үнэт зүйл, айдас, хүсэл бүхэн нэг өдрийн дотор бий болоогүй. Энэ бол хүүхэд насанд суулгагдсан ""Амьд үлдэх программ"" юм.

🧠 Тархины ""Бичлэг"" хийх горим (Theta state) 0-7 насанд хүүхдийн тархины долгион голчлон Тета (Theta) төлөвт байдаг. Энэ нь гипнозтой маш төстэй төлөв юм. Энэ үед хүүхэд орчин тойрноосоо мэдээллийг шүүлтүүргүйгээр, шууд далд ухамсартаа ""хуулж"" авдаг.

Таны эцэг эх мөнгөний тухай юу гэж ярьдаг байсан бэ?

Тэд уураа яаж илэрхийлдэг байсан бэ?

Тэд таныг ямар үед ""сайн хүүхэд"" гэж магтдаг байсан бэ?

Эдгээр мэдээллүүд таны тархинд ""Энэ бол үнэн, ингэж байж л би хайрлагдаж, аюулгүй амьдарна"" гэсэн үндсэн үнэт зүйл болон бичигддэг.

🎭 ""Нөхцөлт хайр"" ба Үнэт зүйлийн гажуудал Маслоугийн пирамидын 3-р шат (Хайр) болон 4-р шат (Үнэлэмж) хүүхэд насанд хоорондоо холилдчихдог.

Жишээ: Хэрэв таныг зөвхөн ""Онц дүн авах"", ""Дуулгавартай байх"" үед л магтаж, хайрладаг байсан бол таны тархи: ""Би амжилттай байж л хайрлагдах үнэ цэнтэй хүн"" гэсэн программыг суулгана.

Үр дүн: Та том болоод амжилтын төлөө өөрийгөө зовоодог, амжилтгүй болох үедээ өөрийгөө үзэн яддаг ""үйлдэл"" хийнэ. Энэ бол таны ""Эго""-гийн хамгаалалтын механизм юм.

🏠 Орчин: ""Толины эффект"" (Mirroring) Хүүхэд өөрийгөө хэн бэ гэдгийг эргэн тойрныхоо хүмүүсийн ""нүдээр"" хардаг.

Хэрэв таныг байнга ""Чи чадахгүй, чи болоогүй"" гэдэг орчинд өсгөсөн бол таны Аюулгүй байдлын хэрэгцээ (2-р шат) ганхсан байдаг. Том болоод та ямар ч эрсдэлээс айдаг, шинэ зүйл хийхээс татгалздаг үнэт зүйлтэй болно.

🧱 Ажиглагчийн хийх ""Программ таних"" дасгал

Таны Эго ""Би ингэж бодох ёстой, энэ бол миний үнэт зүйл"" гэж хэлэх үед Ажиглагчийн суудалд суугаад асуу:

""Энэ бодол минийх үү, эсвэл миний багадаа сонсож байсан хэн нэгний (аав, ээж, багш) дуу хоолой юу?""

""Би энэ зүйлийг үнэхээр хүсэж байна уу, эсвэл хүүхэд насны 'хайрлагдах хүсэл'-ээ одоо хүртэл гүйцээх гээд байна уу?""

""Хэрэв би энэ үнэт зүйлийг (жишээ нь: байнга онц байх ёстой) хаячихвал би аюулгүй байж чадах уу?""

✨ Хүүхэд нас бол таны ""Эго""-гийн үүсэл гарлыг тайлбарлах зураглал юм. Таны одоогийн үнэт зүйлс бол тухайн үед таныг амьд үлдээхэд тусалсан кодууд. Гэхдээ та одоо хүүхэд биш болсон тул ""хуучирсан"" программыг Ажиглагчийн нүдээр шинэчлэх эрх чөлөө танд бий.","theory_article","advanced","1","5","10","","https://pub-3b6a730f24f7467b99a9585933b1c815.r2.dev/lessons/thumbnail_20260109_234811_a28ff9c8.jpg","[]","[]","[]","false","true","0","0","0","2026-01-08 10:33:21.376323","2026-01-09 23:48:16.28081","0001-01-01 00:00:00",,"11022"
"23","11",,"Сэдэв 5: Нийгмийн үнэт зүйл","iii2-lesson-2-social-values","Нийгэм таны үнэт зүйлд хэрхэн нөлөөлдөг","Хичээл 5: Нийгмийн үнэт зүйл – ""Системийн шинэчлэл""
Нийгэм бол таныг ""системд тохирох эд анги"" байлгахын тулд тодорхой үнэт зүйлсийг тасралтгүй санал болгож (шахаж) байдаг орчин юм.

🐑 Нийгмийн ""Зөв"" гэх хэмжүүр (Social Proof)
Хүний тархинд ""Олныг дагах"" биологийн хүчтэй инстинкт бий. Эрт дээр үед бүлгээсээ хасагдах нь үхэл гэсэн үг байсан тул бид олонхын үнэт зүйлийг өөрийнх мэт хүлээж авч сурсан.

Орчин үеийн жишээ: ""Байртай, машинтай, гэр бүлтэй, өндөр цалинтай байх нь амжилт мөн"" гэдэг нийгмийн загвар.

Үйлдэл: Та үнэхээр хүсэж байгаадаа биш, харин ""хүн шиг амьдрах"" (Нийгмийн хэрэгцээ - 3-р шат) гэдэг айдастаа хөтлөгдөж эдгээр зүйлсийн төлөө зүтгэдэг.

📺 Сошиал медиа ба ""Харьцуулалтын хавх""
Өнөөдөр нийгмийн үнэт зүйл таны утасны дэлгэцээр дамжин секунд тутамд шинэчлэгдэж байна.

Алгоритмын программ: Сошиал медиа танд ""Хамгийн үзэсгэлэнтэй, хамгийн баян, хамгийн жаргалтай"" хүмүүсийг харуулснаар таны Хүндэтгэлийн хэрэгцээг (4-р шат) өдөөдөг.

Эго-гийн хариу үйлдэл: ""Би тэдэн шиг байх ёстой, тэгж байж л би үнэ цэнтэй хүн болно"" гэж бодож эхэлнэ. Энэ нь таны жинхэнэ үнэт зүйлийг нийгмийн ""хуурамч"" гялтганасан үнэт зүйлээр сольно гэсэн үг.

🎭 ""Гэгээнтэн"" ба ""Муу хүн""-ий дүр (Cultural Conditioning)
Нийгэм бүр өөрийн гэсэн ""Сайн хүн""-ий тодорхойлолттой.

Жишээ нь: Зарим соёлд ""Өөрийгөө золиослох"" нь дээд үнэт зүйл бол, заримд нь ""Хувь хүний эрх чөлөө"" чухал.

Та эдгээр дүрүүдэд тохирох гэж хичээхдээ өөрийнхөө Биологийн хэрэгцээ болон Жинхэнэ хүсэл (5-р шат)-аа нуун дарагдуулдаг. Энэ нь дотоод зөрчил (Stress) үүсгэх гол шалтгаан болдог.

🧱 Ажиглагчийн хийх ""Системийн шинжилгээ""
Нийгмийн шахалт дор үйлдэл хийж байгаагаа мэдэхийн тулд Ажиглагчийн өнцгөөс дараах асуултыг асуу:

""Хэрэв хэн ч намайг харахгүй, хэнд ч мэдэгдэхгүй байсан бол би энэ сонголтыг хийх байсан уу?"" (Нийгмийн үнэлэмж үү, минийх үү?)

""Энэ зүйл миний амьдралыг утга учиртай болгож байна уу, эсвэл зүгээр л бусдад 'зүгээр' харагдах гэсэн оролдлого уу?""

""Миний тархи нийгмийн 'тусгаарлагдах айдас'-ыг ашиглан намайг удирдаад байна уу?""

✨ Нийгэм танд ""Юуг үнэ цэнтэйд тооцох""-ыг зааж өгдөг. Гэвч нийгмийн үнэт зүйл нь таны хувийн аз жаргалд зориулагдаагүй, харин системийн тогтвортой байдалд зориулагдсан байдаг. Ажиглагч байхын утга учир нь нийгмийн кодыг сохроор дагах биш, харин тэр кодоос өөрт хэрэгтэйг нь шүүж авах чадварт оршино.","theory_article","intermediate","1","5","10","","https://pub-3b6a730f24f7467b99a9585933b1c815.r2.dev/lessons/thumbnail_20260109_235400_d9509dec.jpg","[]","[]","[]","false","true","0","0","0","2026-01-08 10:33:21.376323","2026-01-09 23:54:09.226207","0001-01-01 00:00:00",,"11023"
"24","11",,"Сэдэв 6: Хувийн үнэт зүйл","iii2-lesson-3-personal-values","Өөрийн жинхэнэ үнэт зүйлийг олох","Хичээл 6: Хувийн үнэт зүйл – ""Өөрийнхөө үнэнийг тогтоох""
Хэрэв хүүхэд нас болон нийгэм таны доторх ""дүрмийг"" зохиосон бол, одоо Ажиглагч тэрхүү дүрмүүдийг шүүж, аль нь танд хэрэгтэй, аль нь таныг зовоож байгааг ялгах цаг боллоо.

💎 ""Хувийн үнэт зүйл"" гэж юу вэ?
Энэ бол нийгэм юу гэж хэлэхээс үл хамааран, таны дотоод ""Би"" (Жинхэнэ чанар)-тэй нийцэж буй зарчмууд юм.

Нийгмийн дүрэм: ""Мөнгө бол амжилт.""

Хувийн үнэн: ""Миний хувьд эрх чөлөө бол амжилт."" (Мөнгө хэрэгтэй ч, мөнгөний төлөө өөрийнхөө эрх чөлөөг зарахгүй гэсэн үг).

🧩 Дүрмээс шүүж авах нь
Бид нийгмээс бүрэн тусгаарлагдаж чадахгүй. Тиймээс ""бүгдийг нь устгана"" гэж зөрүүдлэх хэрэггүй. Харин Ажиглагч нь дараах ""шүүлтүүр""-ийг ашигладаг:

Биеийн шүүлтүүр: Энэ дүрэм миний биед байнгын түгшүүр, зангирал үүсгэж байна уу? (Хэрэв тийм бол энэ таны ""байгалийн"" мөн чанар биш).

Сэтгэлийн шүүлтүүр: Би үүнийг хийхдээ цаг хугацааг мартаж, дотроосоо баярлаж чадаж байна уу?

Үр дагаврын шүүлтүүр: Энэ үнэн намайг урт хугацаанд утга учиртай амьдрал руу хөтлөх үү, эсвэл зүгээр л бусдад харагдах ""маск"" уу?

✍️ Дүрмийг шинэчлэн бичих
Нийгмийн суулгасан дүрмийг устгахын оронд зорилгыг нь өөрчилж болно.

Хуучин дүрэм: ""Би заавал хамгийн шилдэг нь байж бусдаар үнэлүүлэх ёстой.""

Шинэчлэгдсэн дүрэм: ""Би өөрийнхөө чадавхыг нээхийн тулд суралцана. Бусдын үнэлэмж бол миний хөгжлийн дагалдах үр дүн болохоос биш, миний гол зорилго биш.""

🧱 Ажиглагчийн хийх ""Дотоод шинэчлэл""
Өөрийнхөө итгэдэг хамгийн том 3 үнэт зүйлийг бич. Дараа нь Ажиглагчийн суудалд суугаад тэднийг ""байцаа"":

""Энэ үнэн хаанаас ирсэн бэ?"" (Гэр бүл үү? Олон нийтийн сүлжээ юу? Эсвэл миний зүрх үү?)

""Энэ итгэл үнэмшил миний амьдралд тусалж байна уу, эсвэл намайг 'боол' болгож байна уу?""

Шийдвэр: Үүнийг Хэвээр үлдээх үү? Засах уу? Эсвэл Устгах уу?

✨ Хувийн үнэт зүйл бол таны дотоод чиглүүлэгч. Энэ чиглүүлэгч нийгмийн ""шуурга""-нд чиглэлээ алдахгүй байх цорын ганц зүйл юм. Та өөрийнхөө дүрмийг өөрөө бичиж эхлэх үед ""аймшигтай"" санагдаж байсан тэр айдас чинь өөрөө өөрийнхөө ""эзэн"" болсон хүний тайван итгэл үнэмшил болон хувирна.","theory_article","intermediate","1","5","20","","https://pub-3b6a730f24f7467b99a9585933b1c815.r2.dev/lessons/thumbnail_20260110_001501_b4ce4816.jpg","[]","[]","[]","false","true","0","0","0","2026-01-08 10:33:21.376323","2026-01-10 00:15:05.55922","0001-01-01 00:00:00",,"11024"
"25","12",,"Сэдэв 7: Хэрэгцээний гажуудал","lesson-1-heregtseenii-gajuudal","Үнэт зүйл шийдвэрт хэрхэн нөлөөлдөг","Хичээл 1: Хэрэгцээний гажуудал – Пирамид нурах үеийн сонголтууд
Хүний үнэт зүйлийн эрэмбэ алдагдаж, аль нэг шат нь ""галзуурах"" үед бид өөрийгөө болон бусдыг устгах шийдвэрүүдийг гаргаж эхэлдэг.

🍖 1-р шат: Биологийн өлсгөлөн (Humanity vs Survival) Энэ шат доголдоход хүнээс зөвхөн ""амьтан"" л үлддэг.

Доголдлын жишээ: Түүхэн дэх аймшигт өлсгөлөнгийн үед хүмүүс өөрийн үр хүүхдээ идэх, эсвэл нэгнийхээ махыг идэх (каннибализм) сонголт хийж байсан.

Үнэт зүйл: Энд ""хайр"", ""ёс суртахуун"" гэдэг ойлголт тархинаас бүрэн арчигдаж, зөвхөн ""би амьд үлдэх ёстой"" гэдэг ганцхан код үлддэг. Энэ бол үнэт зүйл хамгийн доод цэгтээ хүртэл нурж буй хэлбэр юм.

👁️ 2-р шат: Айдсаар барьцаалагдсан амьдрал (Safety vs Integrity) Аюулгүй байдлын төлөө хүн өөрийнхөө мөн чанарыг ""зарж"" эхэлдэг.

Доголдлын жишээ: Мөнгөний төлөө өөрийнхөө дотор эрхтнийг (нүд, бөөр) зарах, эсвэл амь насанд аюултай хууль бус наймаанд оролцох.

Үнэт зүйл: Тархи мөнгийг ""аюулгүй байдлын цорын ганц баталгаа"" гэж программчилсан тул ""Бие махбодын бүрэн бүтэн байдал""-аас илүү ""Мөнгө""-ийг дээгүүр тавьж, өөрийгөө хэсэгчлэн устгах шийдвэр гаргадаг.

💔 3-р шат: Ганцаардлын дон (Belonging vs Self-respect) Хайрлагдах хэрэгцээ доголдоход хүн өөрийгөө ""боол"" болгохыг зөвшөөрдөг.

Доголдлын жишээ: Хүчирхийлэл үйлдэгч хамтрагчаасао салахгүй зууралдах, ""намайг битгий орхиоч"" гэж гуйн өөрийгөө доромжлуулах.

Үнэт зүйл: Ганцаараа үлдэхээс үхтлээ айх айдас нь ""Өөрийгөө хүндэтгэх"" үнэт зүйлийг бүрэн залгичихдаг.

👑 4-р шат: Эго-гийн туйлшрал (Esteem vs Reality) Бусдаар үнэлүүлэх хүсэл галзуурахад хүн ""хуурамч ертөнц""-ийг бүтээдэг.

Доголдлын жишээ: Өрнөөс өрний хооронд амьдардаг атлаа бусдад баян харагдах гэж хамгийн үнэтэй машин, брэнд хэрэглэх. Эсвэл алдар нэрийн төлөө бусдыг гүтгэх, устгах.

Үнэт зүйл: ""Бусдын нүдэнд хэн байх"" нь ""Бодит байдал дээр хэн байх""-аас илүү чухал болж, амьдралаа хуурамч жүжиг болгон хувиргадаг.

🧱 Ажиглагчийн хийх ""Доголдлын оношилгоо""
Эдгээр аймшигтай жишээнүүдийг хараад ""би лав ийм биш"" гэж Эго чинь хэлж магадгүй. Гэхдээ Ажиглагчийн нүдээр жаахан гүн харвал:

Чи маш их ядарсан үедээ (1-р шатны догодол) хамгийн хайртай хүндээ аймшигтай муухай үг хэлж байсан уу? (Хайрыг өлсгөлөнгөөр сольсон үйлдэл).

Чи бусдад муу харагдахгүй тулд (4-р шат) өөрийнхөө үнэнийг нууж, худал хэлж байсан уу? (Үнэнийг үнэлэмжээр сольсон үйлдэл).

✨ Доголдол бүр бидэнд нэг л зүйлийг сануулдаг: Бид өөрийнхөө хэрэгцээний боол нь байх уу, эсвэл Ажиглагчийн нүдээр тэднийг удирдаж, үнэт зүйлээ зөв эрэмбэлэх үү? Пирамидын доод шат руу унах тусам бидний ""хүн чанар"" нимгэрсээр байдгийг мартаж болохгүй.","theory_article","intermediate","1","5","10","","https://pub-3b6a730f24f7467b99a9585933b1c815.r2.dev/lessons/thumbnail_20260110_002901_919ef13b.jpg","[]","[]","[]","false","true","0","0","0","2026-01-08 10:33:21.514302","2026-01-10 00:29:03.351868","0001-01-01 00:00:00",,"12025"
"26","12",,"Сэдэв 8: Дотоод зөрчил","iii3-lesson-2-internal-conflict","Үнэт зүйлсийн зөрчил","Хичээл 8: Дотоод зөрчил – ""Эго"" ба ""Жинхэнэ би"" хоёрын тулаан
Дотоод зөрчил гэдэг нь таны пирамидын өөр өөр шатны хэрэгцээ бие биетэйгээ ""дайн"" зарлахыг хэлнэ.

🥊 ""Ёстой"" ба ""Хүсэж байна"" мөргөлдөөн
Энэ бол нийгмийн суулгасан программ болон таны жинхэнэ чанар хоёрын тулаан юм.

Зөрчил: Та урлагт хайртай (5-р шат), гэхдээ нийгэм болон гэр бүл чинь ""Мөнгө олдог ажил хийх ёстой"" (2-р шат) гэж шаардана.

Үр дүн: Та мөнгөтэй ажил хийх боловч өдөр бүр сэтгэл дундуур, дотроосоо ""үхэж"" байгаа мэт мэдрэмжтэй амьдарна. Таны тархи тогтмол Кортизол (стрессийн даавар) ялгаруулж, бие чинь байнга зангирч, ядарна.

🎭  Өөрийгөө ""Идэх"" процесс (Cognitive Dissonance)
Хүн өөрийн үнэт зүйлээс зөрсөн үйлдэл хийх бүрд тархинд маш их энерги зарцуулагддаг ""Алдаа"" (Error) заадаг.

Жишээ: Та өөрийгөө ""Шударга хүн"" (4-р шат) гэж үнэлдэг атлаа ямар нэгэн ашиг сонирхлын төлөө худал хэлчихвэл...

Дотоод хариу үйлдэл: Таны Эго тэр үйлдлийг зөвтгөх гэж ""Тэр үед өөр арга байгаагүй"" гэсэн мянган тайлбар зохионо. Гэвч Ажиглагч чинь ""Чиний үнэн хаана байна?"" гэж асуусаар л байна. Энэ зөрчил нь хүнийг өөртөө итгэлгүй, сул дорой болгодог.

🎢 ""Хуучин программ"" ба ""Шинэ сэрэлт""
Та энэ номыг уншаад ""Ажиглагч"" байхыг хүсэж байгаа ч, таны 20-30 жил ажилласан ""Хуучин Эго"" чинь тийм амархан бууж өгөхгүй.

Зөрчил: Та уурлахгүй байхыг хичээвч, нэг мэдэхэд л хуучин зангаараа орилж байх болно.

Яагаад? Учир нь хуучин үйлдэл чинь тархинд маш гүнзгий ""автомат зам"" үүсгэчихсэн байгаа. Шинэ зам гаргах гэж хичээх бүрд тархи ""Энэ хэцүү байна, хуучин замдаа оръё"" гэж таныг уруу татдаг.

🧱 Ажиглагчийн хийх ""Гал зогсоох"" дасгал
Дотоод зөрчил үүсэж, дотор чинь ""хэрүүл"" болоод эхэлбэл Ажиглагчийн суудалд суугаад ингэж асуу:

""Яг одоо миний дотор хэн, хэнтэй маргалдаад байна вэ?"" (Аавын программ уу? Нийгмийн шахалт уу? Миний айдас уу?)

""Энэ хоёр талын аль нь миний 'Амьд үлдэх' инстинкт, аль нь миний 'Өсөх' хүсэл вэ?""

""Би аль талыг нь сонговол миний бие болон сэтгэл илүү 'хөнгөн' болох вэ?""

✨ Дотоод зөрчил бол таныг ""буруу программ""-тай байгааг сануулж буй дохиолол юм. Үүнийг дарах гэж хичээх хэрэггүй, харин Ажиглагчийн нүдээр тэрхүү зөрчлийг ил гаргаж харах хэрэгтэй. Хаана зөрчил байна, тэнд таны өсөж өөрчлөгдөх боломж нуугдаж байдаг.","theory_article","intermediate","1","5","15","","https://pub-3b6a730f24f7467b99a9585933b1c815.r2.dev/lessons/thumbnail_20260110_003659_7033d1f4.jpg","[]","[]","[]","false","true","0","0","0","2026-01-08 10:33:21.514302","2026-01-10 00:37:01.260434","0001-01-01 00:00:00",,"12026"
"27","12",,"Сэдэв 9:  5-р шатны гайхамшиг","lesson-3-5-r-shatny-gaihamshig","Үнэт зүйлээ мэдэж шийдвэр гаргах","Хичээл 9 5-р шатны гайхамшиг – ""Ажиглагчийн эрх чөлөө""
Пирамидын оройд хүрэх нь ""бүх зүйлтэй болох"" биш, харин ""юунаас ч хамааралгүй болох"" тухай юм. Энэ шатанд хүрсэн хүний үйлдэл айдас дээр биш, харин ухамсарт сонголт дээр суурилдаг.

✨ Айдсаас ангижрах гайхамшиг (Freedom from Fear)
Доод шатны хүмүүс ""өлсөхөөс"", ""ганцаардахаас"", ""үнэлэгдэхгүй байхаас"" айж шийдвэр гаргадаг.

Гайхамшиг: 5-р шатанд хүн өөрийнхөө ""Үнэний"" төлөө аюулгүй байдал, нэр төр, бүр амь насаа ч золиослоход бэлэн болдог.

Жишээ: Сократ өөрийнхөө үзэл бодлоос няцаж амиа аврахын оронд ""Үнэн""-ий төлөө хор уухыг сонгосон. Энэ бол биологийн инстинктээсээ давж гарсан Ажиглагчийн сонголт юм.

🎨 ""Урсгал"" ба Бүтээлч байдал (Flow State)
Энэ шатанд хүн ямар нэгэн ашиг хонжоо, эсвэл бусдад гайхуулахын тулд биш, зөвхөн тухайн үйлдлийнхээ төлөө үйлдэл хийдэг.

Гайхамшиг: Та зураг зурж байхдаа ""Би"" гэдэг бодлоо бүрэн мартаж, цаг хугацаа болон орон зайнаас тасардаг. Эго унтаж, зөвхөн ""Бүтээх үйл явц"" л үлддэг. Үүнийг бид ""Урсгалд орох"" гэж нэрлэдэг.

Үр дүн: Хамгийн агуу нээлтүүд, хамгийн гайхалтай урлагийн бүтээлүүд Эго-гоос биш, харин энэхүү 5-р шатны ""цэвэр"" энергиэс төрдөг.

🤝 Жинхэнэ энэрэн нигүүлсэхүй (True Compassion)
Доод шатанд бид ""буцаагаад хайр авахын тулд"", эсвэл ""сайн хүн харагдахын тулд"" бусдад тусалдаг.

Гайхамшиг: 5-р шатанд та өөрийгөө бусдаас тусдаа нэгэн биш, харин ертөнцийн нэг хэсэг гэж мэдэрдэг. Таны тусламж ямар ч хүлээлтгүй, ямар ч нөхцөлгүй болдог.

Шийдвэр: Та бусдад туслахдаа өөртөө тусалж байгаа мэт таашаал авдаг. Учир нь таны Эго-гийн зааг хязгаар арилсан байдаг.

🧱 Ажиглагчийн харж буй ""Гайхамшиг""
5-р шатанд байгаа хүний нүдээр ертөнцийг харвал:

Асуудал: Тэрээр асуудлыг ""гай зовлон"" гэж биш, харин ""шийдэх ёстой оньсого"" гэж хардаг.

Сэтгэл ханамж: Тэрээр аз жаргалыг гаднаас (мөнгө, лайк) хайхаа больж, дотоод амар амгалангаасаа ""олборлодог"".

Шийдвэр: Түүний сонголт бүр ""Энэ миний хэн бэ гэдгийг илэрхийлж байна уу?"" гэсэн асуултад хариулдаг.

✨ 5-р шат бол таны доторх ""Бурханлаг"" буюу дээд чадавх сэрэх үе юм. Энэ нь зөвхөн суутнуудад зориулагдаагүй, харин доод шатны ""дутагдлын тоглоом""-оос татгалзаж зүрхэлсэн хүн бүхэнд нээлттэй гайхамшиг юм. Таны доторх Ажиглагч бол энэ орой руу хөтлөх цорын ганц хөтөч юм шүү.","theory_article","advanced","1","5","20","","https://pub-3b6a730f24f7467b99a9585933b1c815.r2.dev/lessons/thumbnail_20260110_004852_7bc6c94c.png","[]","[]","[]","false","true","0","0","0","2026-01-08 10:33:21.514302","2026-01-10 00:48:56.361217","0001-01-01 00:00:00",,"12027"
"28","14",,"Сэдэв 1:  Ухамсар","lesson-1-uhamsar","Ухамсар","Ухамсар 

Ухамсартай бай гэж!!! Сонсож байсан уу? Тэгвэл тэгээд ухамсар гэдэг нь юу юм бэ?
Ухамсартай хүн гэдэг ёс зүй, мэдлэг ухаан гэх мэт олон зүйл дээр хүндлэгдэх хүнийг хэлдэг.


⚛️ Ажиглагчийн нөлөө (Observer Effect)

Квант физикт Observer Effect гэдэг нь
ямрыг нь хэмжинэ, тийм байдлаар илэрнэ гэсэн зарчмыг хэлдэг.

Эгэл хэсгүүдийг хэмжихээс өмнө тэд тодорхой нэг төлөвт “тогтсон” байдаггүй.
Харин хэмжилт, харилцан үйлчлэл явагдах мөчид олон боломжит төлөвөөс нэг тодорхой илрэл болж харагддаг.

Энэ нь ухамсар физик бодит байдлыг шууд “бүтээдэг” гэсэн үг биш.
Харин ямар байдлаар харж, хэмжиж, анхаарч байна вэ гэдгээс
бодит байдал ямар хэлбэрээр илрэх вэ гэдгийг харуулж буй хэрэг юм.

🌍 Чиний ертөнц — Чиний үнэн

Үнэн ертөнц гэдэг нь
шалтгаан, нөхцөл, уялдааны дор
өөрөө оршин буй нэг бүхэл оршихуй.

Харин чиний ертөнц бол:

чи юуг мэдэж байна
юуг анзаарч байна
юунд анхаарч байна

тэр хүрээнд тэлж, хэлбэрждэг ертөнц юм.

Ухамсар бол
үнэн ертөнц ба чиний ертөнц-ийн
хооронд оршин,
ямрыг ертөнц болгож мэдрэх вэ гэдэгт
зөвшөөрөл өгч буй орон зай юм.

✨ Ухамсар бол ажиглагддаг зүйл биш.
Харин бүх харагдаж буй зүйлийг
боломжтой болгож буй орон зай.

Түүнийг ойлгох гэж оролдох хэрэггүй.
Зүгээр л
түүний дотор байгаагаа АНЗААР.","theory_article","intermediate","1","5","10","","","[]","[]","[]","false","true","0","0","0","2026-01-08 10:33:21.668446","2026-01-11 16:25:26.723108","0001-01-01 00:00:00",,"14028"
"29","14",,"Сэдэв 2: Ажиглагч","lesson-2-ajiglagch","Өөрийгөө гаднаас харах байрлал","Ажиглахуй — Чиний Цор Ганц Хөрөнгө 💎
Амжилттай, баян, магадгүй хамгийн чухал нь ""аз жаргалтай"" байгаа хүмүүсийн нууц нь гадаад нөхцөл байдалд биш, харин өөрийнхөө Ажиглахуйг удирдах чадварт оршдог. Энэ бол чиний доторх ""тэнцвэржүүлэгч"" юм.

🔦 Ухамсрын гэрэл: ""Айдас уу, эсвэл Бодит байдал уу?""
Амьдрал бол санамсаргүй зүйлсийн цогцолбор. Бидний тархи аливаа тодорхойгүй байдлыг ""аюул"" гэж хүлээн авч, шууд л ""Айдсын бамбай""-гаа бариад нуугдчихдаг. Гэвч бамбай бариад суух нь чамайг хамгаалдаг ч, бас чамайг хөдөлгөөнгүй болгож, боломжоос тусгаарладаг.

Гэрлийн үүрэг: Ухамсрын гэрэл тусах үед чи ""Бамбайгаа барих уу, эсвэл буулгах уу?"" гэдгээ шийдэж чадна.

Ялгалт: Харанхуйд байгаа зүйл болгон мангас шиг харагддаг бол гэрэл тусахад тэр нь ердөө л нэг ""саад"" эсвэл бүр ""боломж"" болох нь харагддаг. Гэрэл бол чиний шүүлтүүр юм.

💰 Цор ганц хөрөнгө: ""Чамаас салшгүй цорын ганц өмч""
Эд хөрөнгө, эрх чөлөө, харилцаа — эдгээр нь бүгд чиний хяналтаас гадуур оршдог ""түр зуурын"" өмчүүд. Харин чиний Ажиглах чадвар бол хэн ч хулгайлж чадахгүй, хэзээ ч үнэ цэнээ алдахгүй чиний жинхэнэ хөрөнгө юм.

Өөрийгөө шүүх: Ухамсрын гэрлээр чи өөрийнхөө дотор юу ""байгаа"" (үнэн хэрэгцээ, үнэт зүйл) болон юу ""байхгүй"" (бусдын суулгасан үзэл бодол, хийсвэр айдас)-г ялгаж салгана.

🔄 Алдаа гэж үгүй: ""Ухаарал ба Өгөгдөл""
Ажиглагчийн харцаар ертөнцийг харж эхлэхэд чиний толь бичгээс ""алдаа"" эсвэл ""буруу"" гэдэг үг устаж үгүй болно.

Алдаа: Аливаа зүйл ямарваа шалтгаангүйгээр алддаггүй. Чи зүгээр л ямар шалтгаан оршин буйг одоогоор мэдэхгүй байгаа хэрэг. Хэрэв үр дүн чиний хүссэнээр болсонгүй юу? Тэгвэл энэ нь чиний ""муу"" байсанд биш, харин чиний олж хараагүй нэгэн нууц шалтгаан тэнд ажилласныг Ухамсрын гэрэл чамд сануулж байгаа хэрэг юм.

✨ Ухаарал: Чи өөрийгөө буруутгахаа болих үед тархи чинь шийтгэлээс зугтах биш, харин суралцахад хамаг энергиэ зарцуулж эхэлдэг. Алдаа болгоны цаана нэг ""Ухаарал"" нуугдаж байдаг бөгөөд ажиглагч түүнийг олж харахдаа гаргууд байдаг.

💡 Ажиглахуй буюу анхаарал чинь үнэнийг харж алхам алхамаар чамайг үнэнд хөтөлдөг. Асуудал асуудал биш байсаныг, алдаа оноо байсаныг, юу байгаа юу байхгүйг гэрлээ тусгаад сайн хар. ","theory_article","intermediate","1","5","15","","https://pub-3b6a730f24f7467b99a9585933b1c815.r2.dev/lessons/thumbnail_20260111_021613_7d2a7fd2.jpg","[]","[]","[]","false","true","0","0","0","2026-01-08 10:33:21.668446","2026-01-11 02:16:16.797419","0001-01-01 00:00:00",,"14029"
"30","14",,"Сэдэв 3: Шүүмжлэлгүй ажиглахуй","lesson-3-shuumjlelgui-ajiglahui","Таслалтгүй, шүүмжлэлгүй ажиглах","Шүүмжлэлгүй ажиглахуй — Хавхнаас мултрах урлаг 
Ажиглахуйн гэрлийг асаахад хамгийн түрүүнд тулгардаг ""том хана"" бол чиний өөрийгөө шүүх дадал юм. Бид яг одоо ""байгаа"" зүйлийг байгаагаар нь харахын оронд, түүнийг засах, нуух эсвэл зөвтгөх гэж оролдсоор хавханд уначихдаг.

🪤 Эго-гийн бэлдсэн логик хавх 
""Тэр хэлсэн болохоор энэ байгаа"", ""Энэ ингэсэн болохоор тэр байхгүй"" гэж бодох нь Эго-гийн зүгээс чамд тавьж буй занга юм. Тэр чамайг ""Ажиглагч"" биш, харин ""Шүүгч"" болгохыг хүсдэг.

Шүүгч: ""Би уурлаж байна, энэ буруу, би үүнийг засах ёстой"" Тэмцэл эхэлнэ. Буруутан хайна. Шийтгэл бодно. Энэ их драма хэнд хэрэгтэй вэ?

Ажиглагч: ""Миний дотор уур байна"" илүү гүнзгий тусгаад харвал ""Тэр муухай харсан"" би өөрийгөө л хамгаалах гэж буй юм байна. Тэр харц надад наалдах уу? Үгүй. Уурлах шалтгаан үгүй боллоо.

🗝️ ""Энийгээ зас"" гэдэг нь өөрөө харанхуй 
Бид өөртөө ""энийгээ зас"" гэж хэлэхдээ өөрийгөө голж, шүүмжилж байдаг. Гэтэл ажиглахуйн гэрэл нь засах гэж яардаггүй, харин Гэрэлтүүлэх гэж яардаг. Тэр ийм болохоор буруу харагдаад байна гэж бүү дүгнэ. Хэрэв чи үнэхээр ухамсрын гэрлээрээ тэрхүү бодол, үйлдлийн уг үндсийг ""харж"" чадвал, тэр зүйл өөрөө өөрчлөгдөж эхэлдэг. Засах гэж хүчлэх шаардлагагүй, учир нь үнэн ил болоход худал зүйл өөрөө хайлж алга болдог.

👣 Үгээр биш үйлдлээр ""Ойлгох""
Үнэхээр ямарваа нэгэн зүйлийг ойлгосон уу? Тэгвэл түүнийгээ үгээр бүү батал, үйлдлээрээ л харуул.

""Би залхуурахаа болихоор шийдлээ"" гэж дотроо үглэх нь шүүмжлэл.

Харин залхуурлаа ажиглаад, зүгээр л босоод алхах нь Үйлдэл.

Ажиглахуй чамайг алхам алхмаар үнэнд хөтөлнө. Асуудал ""асуудал"" биш байсныг, алдаа ""оноо"" байсныг чи зөвхөн шүүмжлэлээ буулгаж байж л олж харна.

💡 Гэрэл юуг ч засаж янзалдаггүй
Гэрэл өрөөнд тусахдаа хөглөрсөн зүйлсийг өөрөө гараараа хураадаггүй. Гэрэл зүгээр л тусдаг. Харин юмс хаана, яаж байгааг тодорхой харсан чи ""юу хийхээ"" аяндаа мэддэг.

✨ Шүүмжлэл бол чиний нүдийг боож буй алчуур юм. Алчуураа аваад, зүгээр л хар. Үнэн чиний өмнө нүцгэнээрээ байхад үйлдэл гэдэг зүйл аяндаа, хүчлэлгүйгээр ундардаг.","theory_article","advanced","1","5","20","","https://pub-3b6a730f24f7467b99a9585933b1c815.r2.dev/lessons/thumbnail_20260111_025519_68862f9d.jpg","[]","[]","[]","false","true","0","0","0","2026-01-08 10:33:21.668446","2026-01-11 02:55:21.78437","0001-01-01 00:00:00",,"14030"
"31","15",,"Сэдэв 4: Бодлыг ажиглах","iv2-lesson-1-observing-thoughts","Бодлоо гаднаас харж сурах","Хичээл 4: Бодлыг ажиглах – ""Яншаа эмгэн"" техник
Чиний толгой доторх тэр тасралтгүй үглэх дуу хоолой бол Чи биш. Тэр бол зүгээр л чиний тархинд амьдардаг, чамайг ""хамгаалах"" гэж оролдож буй нэгэн яншаа эмгэн юм.

👵 1. Яншаа эмгэн юу гэж үглэдэг вэ?
Тэр эмгэн өглөөнөөс орой хүртэл чамд зөвлөгөө өгч, бас чамайг загнана:

""Чи яагаад тэгж хэлэв ээ? Одоо тэд чамайг тэнэг гэж бодож байгаа.""

""Хөөе, маргааш мөнгөгүй болвол яана? Чи яаж амьдрах юм?""

""Энэ залуу ер нь итгэж болох хүн үү? Өмнөх шигээ хууртах вий дээ.""

""Чи ер нь юу ч хийж чадахгүй байна, бусад чинь аль хэдийн түрүүлээд явчихлаа.""

🍵 2. Ажиглагч буюу ""Ач хүүгийн"" байрлал
Чи бол тэр яншаа эмгэнтэй маргалдаж буй хүн биш, харин түүний хажууд цайгаа уугаад, яриаг нь зүгээр л сонсоод сууж буй ухаалаг ач хүү юм.

Буруу хариу үйлдэл: Эмгэнтэй маргах (""Үгүй ээ, би чадна!"", ""Чи дуугүй бай!""). Маргах тусам эмгэн улам чанга орилж, улам их ""баримт"" гаргаж ирнэ.

Зөв хариу үйлдэл (Ажиглах): ""За, эмгэн маань дахиад л залуу насны алдаагаа яриад эхэллээ"", ""Өө, эмгэн маань ирээдүйгээс айгаад яншиж байна шүү дээ"".

🎭 3. ""За, баярлалаа"" техник
Яншаа эмгэн нэг зүйлийг 100 дахиад эхлэхээр нь Ажиглагч зүгээр л ингэж хэлдэг:

""За, намайг хамгаалах гэж анхааруулсанд баярлалаа. Би сонслоо."" Ингэж хэлэхэд эмгэн ""Сонсогдлоо"" гэж мэдрээд түр зуур амардаг. Тэр чамайг зовоох гэж биш, өөрийнхөө ойлголтоор чамайг ""аюулаас сэргийлэх"" гэж л үглэж байгаа хэрэг.

🧱 Ажиглагчийн ""Яншаа эмгэний"" оношилгоо
Толгой дотор чинь яриа эхлэх бүрд ингэж бодоорой:

Дүр бүтээх: Тэр бодлыг нэг үглэж суугаа хөгшин эмгэний дүр төрхөд оруулж төсөөл. (Магадгүй хуучин хувцастай, үрчлээтсэн, хөмсгөө зангидсан).

Зай барих: Тэр эмгэн чиний тархины нэг буланд суугаад үглэж байна, харин чи өрөөний нөгөө буланд цонхоор хараад сууж байна.

Шошголох: ""За, эмгэн маань дахиад л 'Айдас' гэдэг үлгэрээ ярьж байна.""

✨ Чи бол тэр үглээ дуу хоолой биш. Чи бол тэр дуу хоолойг сонсож буй орон зай. Эмгэн яншиж л байг, түүний яриа амьдралын ""Үнэн"" биш, ердөө л хуучин программ. Чи түүний яриаг сонсож болох ч, түүний хэлснээр үйлдэл хийх албагүй.","theory_article","intermediate","1","5","15","","https://pub-3b6a730f24f7467b99a9585933b1c815.r2.dev/lessons/thumbnail_20260110_012720_cb47557c.jpg","[]","[]","[]","false","true","0","0","0","2026-01-08 10:33:21.914288","2026-01-10 01:27:21.654045","0001-01-01 00:00:00",,"15031"
"32","15",,"Сэдэв 5: Биеийн мэдрэмжийг ажиглах","iv2-lesson-2-observing-body","Биеийн мэдрэмжийг ажиглах дадлага","Биеийн мэдрэмжийг ажиглах (Техник түвшин)
Биеийн мэдрэмж гэдэг нь төв мэдрэлийн системээс ирж буй биологийн өгөгдөл юм. Үүнийг ажиглаж сурах нь сэтгэл хөдлөлийн хариу үйлдлийг удирдах суурь болдог.

🎯 1. Соматик анхаарал (Somatic Attention)
Мэдрэмжийг ажиглахын тулд анхаарлаа гаднаас дотогш чиглүүлэх процесс юм.

Локализаци (Байршлыг тогтоох): Мэдрэмж биеийн аль хэсэгт (цээж, хоолой, хэвлий) төвлөрч байгааг нарийн тогтоох.

Шинж чанарыг ангилах: Мэдрэмжийг ""муу"" эсвэл ""сайн"" гэж шүүхгүйгээр зөвхөн физик шинжээр нь тодорхойлох (Халуун, хүйтэн, нягт, лугшилт, чичиргээ, хүнд, хөнгөн).

📡 2. Дотоод мэдрэхүйн нарийвчлал (Interoceptive Accuracy)
Энэ нь биеийн дотоод дохиог (зүрхний цохилт, амьсгал) хэр зэрэг мэдэрч байгааг илтгэх чадвар юм.

Мэдрэхүйг тусгаарлах: Бодлын урсгалд автахаа түр зогсоож, зөвхөн физик мэдрэмж дээр төвлөрөх.

Ажиглалтын зай (Spatial Distance): Мэдрэмжийг мэдэрч байгаа боловч түүнтэй ""нэг"" болохгүй байх. ""Би өвдөж байна"" биш ""Миний өвдөг дээр лугшиж буй мэдрэмж байна"" гэж ялгах.

Зөвшөөрөл (Allowance): Тухайн мэдрэмжийг өөрчлөх, дарах гэж оролдохгүйгээр байгаа байгалийнх нь циклээр (үүсэх, орших, замхрах) явуулах.

⚙️ 3. Мэдрэмжээс Үйлдэл рүү шилжих процесс
Биеийн мэдрэмжийг ажиглаж сурвал ""автомат"" хариу үйлдлийг таслан зогсоож, логик шийдвэр гаргах боломж бүрдэнэ.

Дата цуглуулалт: Бие зангирч байна -> Адреналин ялгарч байна -> Энэ нь аюулын дохио эсвэл бэлэн байдлын дохио юм.

Оношилгоо: Энэхүү физик чангарал нь бодит аюул байна уу (өлсөлт, гэмтэл), эсвэл сэтгэл зүйн төсөөлөл байна уу?

Оновчтой үйлдэл: Хэрэв физик хэрэгцээ бол—хангах. Хэрэв сэтгэл зүйн хямрал бол—түүнийг ажиглаж, энергийг нь саармагжуулах.

🧱 Практик дасгал: ""Биеийн аудит""
Өдөрт 3-5 удаа дараах дарааллаар өөрийгөө шалгаж хөгжүүлнэ:

Амьсгалын хэмнэл: Амьсгал гүехэн байна уу, гүн байна уу?

Булчингийн тонус: Эрүү, мөр, хэвлий хэсгийн булчингууд ямар түвшний чангаралтай байна?

Температура: Биеийн тодорхой хэсэгт дулаан эсвэл хүйтэн оргиж байна уу?

Нэршил: Мэдэрсэн зүйлдээ зөвхөн физик нэр өгөх. (Жишээ нь: ""Цээжинд 5/10 хэмжээтэй даралт мэдрэгдэж байна"").

✨ Мэдрэмжийг ажиглах нь бие махбодоос ирж буй биологийн өгөгдлийг уншиж сурах техникийн чадвар юм. Энэ чадвар хөгжих тусам чи сэтгэл хөдлөлдөө хөтлөгдөхгүй, харин тэдгээрийг мэдээлэл болгож ашигладаг ""системийн оператор"" болно.","theory_article","advanced","1","5","15","","https://pub-3b6a730f24f7467b99a9585933b1c815.r2.dev/lessons/thumbnail_20260110_015245_1b9b5512.jpg","[]","[]","[]","false","true","0","0","0","2026-01-08 10:33:21.914288","2026-01-10 01:52:47.783149","0001-01-01 00:00:00",,"15032"
"33","15",,"Сэдэв 6: Дотоод үнэт зүйлийг ажиглах","iv2-lesson-3-observing-values","Үнэт зүйлээ ажиглаж, ойлгох","Хичээл 6: Үнэт зүйл – ""Чиний дотоод Луужин""
Үнэт зүйлийг ажиглах гэдэг нь ""Би яагаад ингээд байна вэ?"" гэдэг асуултын хариуг олох үйл явц юм.

🧭 1. Үнэт зүйл гэж юу вэ?
Энэ бол чиний хувьд хамгийн чухал, амьдралын чинь утга учир болсон зарчмууд. Жишээ нь: Эрх чөлөө, Шударга ёс, Хүндлэл, Аюулгүй байдал, Хөгжил, Үнэнч байдал.

Зөрчил: Хэрэв чиний үнэт зүйл ""Шударга ёс"" байтал хэн нэгэн чамайг гүтгэвэл, чиний бие дээр шууд ""Уур"" гэдэг шуурга босож ирнэ.

Ажиглалт: ""Би уурлаж байна"" гэж харахын оронд ""Миний 'Шударга ёс' гэдэг үнэт зүйл маань өвдөж байна"" гэж харахыг хэлнэ.

🔍 2. Сэтгэл хөдлөлийг ""Урвуулан"" унших нь
Сэтгэл хөдлөл бүрийн цаана нэг Үнэт зүйл нуугдаж байдаг:

Уур: ""Миний хил хязгаар эсвэл Шударга ёс зөрчигдлөө.""

Айдас: ""Миний Аюулгүй байдал эсвэл Тогтвортой байдал заналхийлэлд орлоо.""

Атаархал: ""Миний Хүлээн зөвшөөрөгдөх эсвэл Амжилт гаргах хэрэгцээ дутагдаж байна.""

Гуниг: ""Миний хувьд маш Үнэ цэнэтэй зүйл (Хайр, холбоо) алга боллоо.""

🏗️  ""Яагаад"" гэдэг 5 шатлал (5 Whys)
Үнэт зүйлээ олохын тулд ""Яншаа эмгэний"" яриаг доош нь ухдаг:

1. Би уурлаж байна. (Яагаад?)

2. Тэр намайг сонсохгүй байна. (Яагаад энэ чухал гэж?)

3. Намайг үл тоож байгаа мэт санагдаж байна. (Яагаад үл тоох нь хэцүү байна?)

4. Миний үзэл бодол үнэ цэнэгүй мэт санагдаж байна. (Тэгээд?)

5. Үнэт зүйл: Миний хувьд ""Хүндлэл"" болон ""Сонсогдох"" нь маш чухал Үнэт зүйл юм байна.

🧱 Ажиглагчийн ""Үнэт зүйлийн"" оношилгоо
Дараагийн удаа бие чинь ""зангирч"", бодол чинь ""үймэхэд"" ингэж асуу:

1. Түр зогс: Биеийн мэдрэмж дээрээ төвлөр. (Дохиолол дуугарч байна).

2. Нэрлэ: ""Миний дотор 'Шударга бус байдал' гэдэг мэдрэмж байна.""

3. Үнэт зүйлийг ол: ""Миний ямар Үнэт зүйл энд шархлаад байна вэ?""

4. Үйлдэл: Үнэт зүйлдээ суурилсан шийдвэр гарга. (Уурлаж хашхирах биш, харин ""Би хүндлэлийг үнэт зүйлээ болгодог учраас, өөрийгөө хүндлээд энэ хэрүүлээс холдоё"").

✨ Үнэт зүйлийг ажиглах нь чиний ""Программ""-ын эх кодыг уншиж буй хэрэг юм. Чи өөрийнхөө юуны төлөө зогсдог, юунд эмзэглэдэг болохоо мэдчихвэл, чи гадны нөлөөнд автдаг ""тоглоом"" биш, өөрийнхөө зарчимд үнэнч ""Ухаалаг удирдагч"" болно.","theory_article","advanced","1","5","20","","https://pub-3b6a730f24f7467b99a9585933b1c815.r2.dev/lessons/thumbnail_20260110_015830_be8dc637.jpg","[]","[]","[]","false","true","0","0","0","2026-01-08 10:33:21.914288","2026-01-10 01:58:32.772302","0001-01-01 00:00:00",,"15033"
"34","16",,"Сэдэв 7: Нэг мөчлөгөөр харах","iv3-lesson-1-seeing-as-cycle","Бүх зүйлийг нэг мөчлөгөөр харах","Lesson 1: Нэг мөчлөгөөр харах (The Holistic Loop)
Амьдрал дээр бидний доторх процесс хэсэг хэсгээрээ биш, харин маш хурдтай нэг мөчлөгөөр явагддаг. Үүнийг ""Дотоод мэдээллийн гинжин хэлхээ"" гэж нэрлэе.

⛓️ Мөчлөгийн бүтэц
Аливаа үйл явдал болоход чиний дотор ийм дараалал үүсдэг:

Trigger (Өдөөгч): Гадны нэг үйлдэл (Жишээ нь: Дарга чинь чамайг шүүмжлэх).

Body (Бие): Дохиолол дуугарна. Ходоод зангирч, мөр хавчина. (Мэдээлэл ирлээ).

Thought (Бодол): Яншаа эмгэн үлгэр зохиож эхэлнэ. ""Тэр намайг халах гэж байна"", ""Би хангалттай сайн биш байна"".

Value (Үнэт зүйл): Гүн дэх чиглүүлэгчийн зүү чичирнэ. Чиний ""Хүлээн зөвшөөрөгдөх"" эсвэл ""Аюулгүй байдал"" гэсэн үнэт зүйл хөндөгдсөн болохыг илтгэнэ.

🔄 2. Мөчлөг яагаад ""Түгжигддэг"" вэ?
Хэрэв чи Ажиглагч биш бол энэ мөчлөг дотор гацна:

Биеийн мэдрэмж -> Бодлыг улам хурцална.

Бодол -> Биеийн зангирлыг улам чангална.

Энэ нь явсаар чиний Үнэт зүйлийг бүрмөсөн ""мартагнуулж"", чамайг зөвхөн Амьд үлдэх (Survival) горимд оруулдаг. Ингээд л чи автомат хариу үйлдэл (уурлах, гомдох) хийдэг.

👁️ Ажиглагчийн ""Мөчлөгийг таслах"" хүч
Ажиглагч энэ мөчлөгийг нэг цул мэдээлэл болгож харж чадвал ""Түгжрэл"" арилдаг.

Хөгжил: Чи мөчлөгийг ажиглах үед чиний уураг тархи ""Бие өвдөж байгаа нь бодолтой холбоотой, бодол нь миний нэг үнэт зүйлийг хамгаалах гэж байна"" гэдгийг ойлгомогц систем тайвширч эхэлдэг.

🧱 ""Мөчлөгийг харах"" дасгал
Яг одоо эсвэл өнөөдөр болох нэг таагүй зүйлийг аваад энэ ""Мөчлөг""-өөр шүүж үзээрэй:

Бие: ""Одоо миний бие яаж байна?"" (Чиглүүлэгч байна уу, зангирч байна уу?).

Бодол: ""Би өөртөө ямар түүх ярьж байна?"" (Эмгэний үг).

Үнэт зүйл: ""Миний ямар үнэт зүйл өвдөөд, энэ мөчлөгийг эхлүүлчихэв?"" (Хүндлэл үү? Эрх чөлөө юү?).

✨ Энэ гурван цэгийг нэг мөчлөгөөр харж сурах нь чи өөрийгөө ""Оношлоод зогсохгүй, засаж сурч байгаа"" хэрэг юм. Чи бол энэ гинжин хэлхээ биш, чи бол энэ хэлхээг ажиглаж буй Холбогч юм.","theory_article","advanced","1","5","15","","https://pub-3b6a730f24f7467b99a9585933b1c815.r2.dev/lessons/thumbnail_20260110_183305_3d52bb88.jpg","[]","[]","[]","false","true","0","0","0","2026-01-08 10:33:22.047573","2026-01-10 18:33:06.515334","0001-01-01 00:00:00",,"16034"
"35","16",,"Сэдэв 8: Автомат → Ухамсарт шилжилт","iv3-lesson-2-automatic-to-conscious","Автомат хариу үйлдлээс ухамсарт сонголт руу","Автомат → Ухамсарт шилжилт
Бидний амьдралын 90% нь ""Автомат"" (Reaction) горимд явагддаг. Харин Ажиглагчийн гол зорилго бол энэ автомат үйлдлийг Ухамсарт хариу үйлдэл (Response) болгон өөрчлөх явдал юм.

🛑 ""Зай"" үүсгэх нь (The Space)
Виктор Франклын хэлсэн алдартай үг бий: ""Өдөөгч болон Хариу үйлдэл хоёрын дунд нэгэн ЗАЙ бий. Тэр зайд бидний сонголт хийх эрх чөлөө оршдог.""

Автомат: Өдөөгч (Trigger) ➡️ Хариу үйлдэл (Reaction). (Дунд нь зай байхгүй).

Ухамсарт: Өдөөгч (Trigger) ➡️ [АЖИГЛАЛТЫН ЗАЙ] ➡️ Сонголт ➡️ Үйлдэл.

Энэ ""Зай"" бол чиний Ажиглагчийн сэргэдэг цэг юм.

⚡ 2. Шилжилтийн ""Алтан дүрэм"": 3 Секунд
Автомат үйлдлийг зогсоохын тулд системд ""Interruption"" буюу тасалдал хийх хэрэгтэй.

Зогс: Ямар нэгэн үйлдэл хийх, үг хэлэхээсээ өмнө 3 секунд түгж.

Амьсгал: Нэг гүнзгий амьсгал авахад чиний тархи ""Амьд үлдэх""  горимоос ""Сэтгэх""  горим руу шилждэг.

Нэрлэ: Дотор болж буй зүйлд нэр өг. ""Би одоо уурлаж байна"", ""Миний бие зангирч байна"". Нэр өгөх мөчид чи тухайн мэдрэмжээсээ тусгаарлагдаж, Ажиглагчийн суудалд очдог.

🏗️  ""Яншаа эмгэн""-ээс ""Ухаалаг удирдагч"" руу
Шилжилт хийгдсэнээр чиний дотоод яриа ингэж өөрчлөгдөнө:

Автомат: ""Тэр намайг доромжиллоо, би хариуг нь барих ёстой!""

Ухамсарт: ""Миний 'Хүндлэл' гэсэн үнэт зүйл өвдөж байна. Миний бие дээр уур мэдрэгдэж байна. Би хариуг нь уураар барих уу, эсвэл өөрийгөө хүндлээд тайван хэлэх үү?""

🧱 Шилжилт хийх практик ""Триггер""
Чи амьдрал дээр дараах 3 дохиог мэдрэх үедээ ""Шилжилтийн цэг"" ирснийг мэднэ:

👊 Бие чангарах: Эрүү зуурах, гар зангирах, эсвэл ходоод зангирах үед.

🗣️ Шийдэмгий үг: ""Би заавал..."", ""Тэр үргэлж..."", ""Би чамайг..."" гэх мэт туйлширсан бодол орж ирэхэд.

🌪️ Дотоод үймээн: Амьсгал дээрдэж, бодол маш хурдтай эргэлдэж эхлэхэд.

Энэ мөчид чи зүгээр л: ""Өө, би одоо автомат горимдоо орчихлоо"" гэж өөртөө хэл. Ингэж хэлэх нь л шилжилтийг эхлүүлдэг.

✨ Автоматаас Ухамсарт шилжих нь нэг өдрийн дотор болчихдог зүйл биш. Энэ бол Булчин юм. Чи хэдий чинээ олон удаа ""Зай"" үүсгэж, өөрийгөө ажиглаж чадна, төдий чинээ чи амьдралынхаа ""Эзэн"" нь болно.","theory_article","advanced","1","5","25","","https://pub-3b6a730f24f7467b99a9585933b1c815.r2.dev/lessons/thumbnail_20260110_184050_4a34d0c3.jpg","[]","[]","[]","false","true","0","0","0","2026-01-08 10:33:22.047573","2026-01-10 18:40:53.307942","0001-01-01 00:00:00",,"16035"
"36","16",,"Төгсгөл =  Шинэ эхлэл — Сэрэхүй","togsgol-shine-ehlel-serehui","Ажиглалт - өөрчлөлтийн эхлэл","Шинэ эхлэл — Сэрэхүй
Амьдрал бол энгийн, гэхдээ амархан биш. Хэдий хэцүү байлаа гээд учир шалтгаан нь өөрөө маш энгийн байдаг. Тэрхүү энгийн зүйлийг мангас болгож буй нь Эго, Мэдрэмж, Бие гурвын ""Буруу үзэл бодол"" юм.

🌱 1. Төгс болох албагүй, зөвхөн ""Сэрэх"" л хангалттай
Шинэ эхлэл гэдэг нь зовлон үгүй болохыг хэлэхгүй. Харин зовлонг үнэнээр нь харж, түүний дээр ухамсраар хариулах чадвартай болохыг хэлнэ.

Чи төгс болоогүй, алдаа гаргасаар л байна. Гэхдээ чи одоо Сэрсэн.

Чи өөрийгөө ажиглаж байгаа тэр мөчид чиний доторх хуучин буруу гинжнүүд бага багаар тасарч байдаг. Энэ л жинхэнэ шинэ эхлэл юм.

🌊 Зовлонтойгоо ""Найзлах"" нь
Буруу үзэл бодлын буртаг болсон зовлон бидний өдрийн 50-80 хувийг эзэлдэг тул түүнээс зугтах арга үгүй. Харин зугтахын оронд түүнийг Ажиглагчийн харцаар тулж хар.

Тэр зовлон чамайг хэрхэн тарчлааж байгааг тодоор ажиглахдаа өөрийгөө битгий шүүмжил.

Зүгээр л ""Би ингэж мэдэрч байгаа юм байна"" гэж зөвшөөр. Тэр мэдрэмжийг үүсгэгч аюул нь үнэхээр бодитой оршиж байна уу, эсвэл зүгээр л хийсвэрлэл үү гэдгийг нягталж анзаар.

🕊️  Ойлгохуйн Хүч
Үнэхээр бодитой зовлон байвал түүний гаргалгааг олоо  өөрийнхөө Сэтгэлд сонстол чангаар хэл:

""Би чамайг харлаа, би чамайг ойлгосон. Чи одоо намайг удирдаж чадахгүй.""

🧱 ""Шинэ эхлэл""-ийн дадал
🧘 Өөртөө энэрэнгүй ханд: Ажиглалтыг хэрэгжүүлэх хэцүү. Түүнийг таслах дотоод, гадаад нөлөөлөл эхэндээ их. Ажиглалтаар харах зовлон ч заримдаа хүнд санагдаж болно. Тэр бүхэнд өөрийгөө хүчлэх эсвэл буруутгах талаар бодсоны ч хэрэггүй. Энэ бол тэмцэл биш, харин өөртэйгөө танилцаж буй эхний аялал.

📝 Тэмдэглэл хөтөл: Ажиглалтаа баталгаажуул. Өчигдрийн үл мэдэх ""аймшигтай"" зүйл өнөөдрийн инээдэм болж байгааг баримтаар хар. Ингэж чи Эгодоо ""Удирдагчаа солих цаг болсон"" гэдгийг мэдэгдэж, ""Эзэн"" суудалдаа сууна.

✨ Шинэ эхлэл бол тэмцэл биш, энэ бол Эвлэрэл
Өөрийнхөө эго, бие, үнэт зүйлээ ажиглаж, тэднийг ухамсрын гэрлээр харахад тэдний буруу үзэл нь бага багаар засарч, та бидний хөгжлийн замыг тавих болно. Чи төгс болоогүй ч гэлээ, чи одоо ""ЭЗЭН"" суудалдаа суусан. Хаант улс чинь үймэж дайвахыг биш чиний төлөө зүтгэхийг хар.","theory_article","advanced","1","5","25","","https://pub-3b6a730f24f7467b99a9585933b1c815.r2.dev/lessons/thumbnail_20260110_195046_0ab6d7d3.jpg","[]","[]","[]","false","true","0","0","0","2026-01-08 10:33:22.047573","2026-01-10 19:50:51.123293","0001-01-01 00:00:00",,"16036"
"37","7",,"Сэдэв 10: Хүсэл, Шагнал ба Өвчин намдаагч","lesson-4-husel-shagnal-ba-ovchin-namdaagch","Хүсэл, Шагнал ба Өвчин намдаагч","Хичээл 7: Хүсэл, Шагнал ба Өвчин намдаагч
Өмнөх хичээлээр үзсэн Кортизол, Окситоцин хоёр дээр нэмэгдээд таны амьдралын ""амт""-ыг тодорхойлдог дараах ""найрлагууд"" бий:

🚀 1. Допамин (Dopamine) – ""Хүсэл ба Хүлээлт"" Хүмүүс үүнийг ""таашаалын гормон"" гэж андуурдаг. Үнэндээ энэ бол ""хүслийн"" гормон юм.

Бие дээр: Зүрх бага зэрэг хурдсах, нүд сэргэх, анхаарал маш ихээр төвлөрөх.

Механизм: Юу нэгэн гоё зүйл болох гэж байгааг (жишээ нь: сошиал медиагийн мэдэгдэл ирэх, дуртай хоолоо харах) тархи мэдрэхэд допамин ялгарна. Энэ нь таныг ""Хөдөл!"" гэж шахдаг.

Аюул: Допамин бол шагнал биш, харин шагналын ""амлалт"" юм. Хэт их допамин хөөх нь таныг хэзээ ч ханашгүй ""хүслийн тойрогт"" оруулдаг.

🍫 2. Серотонин (Serotonin) – ""Сэтгэл ханамж ба Байр суурь"" Энэ бол жинхэнэ ""таашаал"" болон дотоод амар амгалангийн гормон.

Бие дээр: Бие бүхэлдээ тайвшрах, өөртөө итгэлтэй болох, ""Бүх зүйл хангалттай байна"" гэсэн мэдрэмж төрөх.

Механизм: Та өөрийгөө үнэ цэнтэй гэж мэдрэх, бусдад хүлээн зөвшөөрөгдөх, эсвэл зүгээр л наранд алхахад ялгардаг.

Ажиглагчийн өнцөг: Допамин ""өшөө ихийг"" гэж хашхирдаг бол, Серотонин ""байгаа зүйлдээ баярла"" гэж шивнэдэг.

🏃‍♂️ 3. Эндорфин (Endorphins) – ""Байгалийн өвчин намдаагч"" Энэ бол бие махбодийн ""морфин"" юм. Бие махбодь өвдөлт эсвэл маш их ачаалал мэдрэх үед түүнийг давахын тулд ялгардаг.

Бие дээр: Өвдөлт мэдрэхгүй болох, бие хөнгөрөх, ""хоёр дахь амьсгаа"" орох.

Механизм: Хүнд дасгал хийх, халуун ногоотой хоол идэх, эсвэл элэг хөшөөд цаттал инээх үед ялгарна. ""Гүйгчийн кайф"" (Runner's high) гэдэг нь энэ юм.

🧪 Коктейлийн ""Галзуу найрлага"" (Addiction) Орчин үеийн ертөнц (TikTok, видео тоглоом, түргэн хоол) бидний тархинд Допамин + Кортизол-ын маш хортой коктейлийг байнга өгч байдаг. Та нэг зүйлийг маш их хүснэ (Допамин), гэвч түүнийг авч чадахгүй эсвэл хүлээх үед стрессдэнэ (Кортизол).

🧱 Ажиглагчийн хийх ""Цэс шинэчлэлт"" Таны бие яг одоо юу ""ууж"" байгааг таньж сур:

Допамин хэтэрвэл: Утаснаасаа салж, ""Юу ч хийхгүй"" 10 минут суу. Энэ нь допамины хэт их урсгалыг тасалдаг.

Гунигтай эсвэл өөртөө итгэлгүй байвал: Энэ нь серотонин дутагдсаных байж болно. Наранд гарч алхах эсвэл өөрийнхөө хийж чадсан жижиг ч гэсэн зүйлийг санах.

Стрессдвэл: Кортизолыг саармагжуулахын тулд эндорфин ялгаруул (Сүх барьж мод хагалах, суниах, чанга инээх).

✨ Та бол зүгээр нэг бодогч биш, та бол ""алхимич"" юм. Таны бодол биеийн химийг өөрчилж чадна, биеийн хими чинь бодлыг чинь удирдаж чадна. Энэ харилцан хамаарлыг ойлгосон цагт та ""Яагаад ийм балай юм бодоод байна вэ?"" гэж өөрийгөө зүхэхээ больж, ""Аан, миний цусанд допамин дутагдаад байна, эсвэл кортизол ихсэж"" гэж шинжлэх ухаанчаар хандаж сурна.","theory_article","beginner","1","5","10","","https://pub-3b6a730f24f7467b99a9585933b1c815.r2.dev/lessons/thumbnail_20260109_180036_714dbf57.jpg","[]",,,"false","true","0","0","0","2026-01-09 18:00:39.470214","2026-01-09 18:00:39.470214","2026-01-09 18:00:39.470216",,"7037"